name,mmsi,imoNumber,callSign,cargo,vesselType,COG,heading,navStatus,SOG,timeOfFix,length,beam,latitude,longitude,datePulled
Motu,367519420,0,WDG2800,0-AllShips,36-Sailing,0,0,15-NotDefined,0,1738679484,13,4,34.245853,-119.262027,2025-02-04T14:33:03Z
Kelly C,367693690,0,WDI3956,0-AllShips,32-BigTow,184.8,253,5-Moored,0,1738679416,24,8,33.753653,-118.223992,2025-02-04T14:33:03Z
Hotel California,338411017,0,,0-AllShips,37-Pleasure,-1,-1,15-NotDefined,0,1738679371,10,4,33.71254,-118.05525,2025-02-04T14:33:03Z
La Mer,338472118,0,,0-AllShips,37-Pleasure,-1,-1,15-NotDefined,0,1738679354,11,7,33.981617,-118.44531,2025-02-04T14:33:03Z
Larcona,366988970,0,WDC2171,0-AllShips,31-Towing,69.6,158,0-Underway(Engine),0,1738679561,0,0,33.771108,-118.213132,2025-02-04T14:33:03Z
Luhrd Inn,338025945,0,,0-AllShips,37-Pleasure,-1,143.8,15-NotDefined,0,1738679416,12,4,33.725963,-118.075578,2025-02-04T14:33:03Z
Barbara H,367174120,0,WDK2335,0-AllShips,30-Fishing,-1,33.6,15-NotDefined,0.2,1738679356,0,0,33.738417,-118.266567,2025-02-04T14:33:03Z
Cape Ann,369322000,9848510,WDJ8731,0-AllShips,57-Spare,321.1,76,5-Moored,0,1738679503,139,22,33.755683,-118.281147,2025-02-04T14:33:03Z
Legacy,338348168,0,,0-AllShips,37-Pleasure,-1,-1,15-NotDefined,0.1,1738679374,20,6,34.184827,-119.227422,2025-02-04T14:33:03Z
Ocean Guardian,367520510,0,WDG2908,0-AllShips,54-AntiPol,60.9,114.6,5-Moored,0.1,1738679344,20,6,34.250198,-119.265625,2025-02-04T14:33:03Z
Avontuur,368246220,0,WDM8761,0-AllShips,37-Pleasure,224.4,45,15-NotDefined,0,1738679093,27,6,33.611733,-117.92713,2025-02-04T14:33:03Z
Msc Eloane,636017435,9755957,D5KY2,1-HazCatX,7-Cargo,64.4,70,5-Moored,0,1738679461,400,59,33.753418,-118.235258,2025-02-04T14:33:03Z
Aurora,338519446,0,WAE3755,0-AllShips,36-Sailing,-1,76.7,15-NotDefined,0,1738679081,13,4,34.244982,-119.259488,2025-02-04T14:33:03Z
Dreamer,338146692,0,,0-AllShips,37-Pleasure,170,131.3,15-NotDefined,0,1738679517,5,2,33.750753,-118.111635,2025-02-04T14:33:03Z
Steelrod,338231624,0,,0-AllShips,37-Pleasure,76,155.2,15-NotDefined,0,1738679433,11,4,33.724965,-118.073275,2025-02-04T14:33:03Z
Stanley's Cup,368089050,0,WDK7912,0-AllShips,36-Sailing,-1,95.4,15-NotDefined,0,1738679358,10,3,33.609712,-117.896597,2025-02-04T14:33:03Z
Cielo,338417063,0,,0-AllShips,37-Pleasure,-1,271.7,15-NotDefined,0,1738679440,8,4,34.40348,-119.694555,2025-02-04T14:33:03Z
Drifter,338473134,0,WDI7458,0-AllShips,37-Pleasure,30.9,198,15-NotDefined,0,1738679483,15,5,33.722958,-118.066778,2025-02-04T14:33:03Z
Titus,338034287,0,TITUS,0-AllShips,37-Pleasure,141.9,154.9,15-NotDefined,0,1738679124,20,6,33.713863,-118.058595,2025-02-04T14:33:03Z
Independence,367175860,9369239,WDD6659,0-AllShips,31-Towing,-1,-1,0-Underway(Engine),0,1738679558,24,10,33.729398,-118.276175,2025-02-04T14:33:03Z
Aubrey Ella,367695640,0,WDI4147,0-AllShips,37-Pleasure,181.7,228.3,15-NotDefined,0,1738679503,22,6,33.98131,-118.44585,2025-02-04T14:33:03Z
Dos Amigos,368252690,0,WDM9442,0-AllShips,37-Pleasure,-1,129.2,15-NotDefined,0,1738679287,16,4,34.243335,-119.262282,2025-02-04T14:33:03Z
Baltimore,338602000,9804784,WD19338,0-AllShips,52-Tug,277,243,1-AtAnchor,0,1738679479,29,10,33.7758,-118.2126,2025-02-04T14:33:03Z
Masco Endeavor,366994250,8987905,WDC2519,9-NoInfo,0-Unknown,166.4,218,5-Moored,0,1738679490,55,11,33.73183,-118.26415,2025-02-04T14:33:03Z
Water Buffalo,338350423,0,,0-AllShips,37-Pleasure,-1,352,15-NotDefined,0,1738679376,12,4,33.610118,-117.89583,2025-02-04T14:33:03Z
King Phillip,367529450,0,WDG3768,0-AllShips,30-Fishing,150.9,150.9,15-NotDefined,0.7,1738679187,26,9,33.474505,-118.609037,2025-02-04T14:33:03Z
Tourist,368090330,0,WDK8046,0-AllShips,6-Passenger,237.3,148.8,15-NotDefined,0,1738679523,14,7,33.974883,-118.444853,2025-02-04T14:33:03Z
Irving Johnson,369725000,0,WDB3153,9-NoInfo,6-Passenger,-1,320.7,5-Moored,0,1738679502,33,6,33.736872,-118.277993,2025-02-04T14:33:03Z
Chiquita Progress,636017731,9357119,A8OF7,0-AllShips,7-Cargo,110.4,317,0-Underway(Engine),0.7,1738679553,202,28,34.14878,-119.207433,2025-02-04T14:33:03Z
Jean Grey,338147343,0,,0-AllShips,36-Sailing,-1,-1,15-NotDefined,0,1738679410,9,2,33.459755,-117.700038,2025-02-04T14:33:03Z
Serendipiter,338232506,0,SERENDI,0-AllShips,37-Pleasure,0,176.7,15-NotDefined,0,1738679478,10,10,33.848188,-118.39776,2025-02-04T14:33:03Z
,338418221,0,,0-AllShips,39-Reserved,304.5,131.6,15-NotDefined,0,1738679528,0,0,33.845532,-118.396025,2025-02-04T14:33:03Z
Bounty,338035036,0,,0-AllShips,37-Pleasure,175.8,12.5,15-NotDefined,0,1738679531,10,4,33.757237,-118.186803,2025-02-04T14:33:03Z
Starr,338350984,0,,0-AllShips,36-Sailing,-1,203.9,15-NotDefined,0,1738679546,12,2,33.982438,-118.447558,2025-02-04T14:33:03Z
Marie Cheramie,367533290,8964862,WDG4131,0-AllShips,9-Other,213.2,322.1,0-Underway(Engine),0.1,1738679561,46,26,33.734492,-118.270838,2025-02-04T14:33:03Z
Blindfaith,367697580,0,WDI4332,0-AllShips,37-Pleasure,29.8,153,15-NotDefined,0,1738679476,28,8,33.722627,-118.070038,2025-02-04T14:33:03Z
Das Boot,368254780,0,WDM9657,0-AllShips,36-Sailing,-1,-1,15-NotDefined,0,1738679262,16,4,33.972858,-118.454875,2025-02-04T14:33:03Z
Carabella Iv,338473815,0,,0-AllShips,37-Pleasure,-1,-1,15-NotDefined,0,1738679419,0,0,33.615228,-117.90232,2025-02-04T14:33:03Z
Millenium Maverick,366998840,9159713,WDM6880,0-AllShips,52-Tug,314.6,310,0-Underway(Engine),0,1738679555,0,0,33.763933,-118.256833,2025-02-04T14:33:03Z
Cazador,338148873,0,WDC9392,0-AllShips,37-Pleasure,309,30.7,15-NotDefined,0,1738678961,16,6,33.607157,-117.914838,2025-02-04T14:33:03Z
Loren C,367189890,1193859,WDP2092,0-AllShips,7-Cargo,174.9,341,5-Moored,0.1,1738679499,70,16,33.754877,-118.224305,2025-02-04T14:33:03Z
Alure,368090620,0,WDK8075,0-AllShips,37-Pleasure,204.8,278.5,15-NotDefined,0,1738679047,0,0,33.61309,-117.911005,2025-02-04T14:33:03Z
Lefkara,370573000,9399882,3ETI6,9-NoInfo,8-Tanker,64.5,178,0-Underway(Engine),0.2,1738679553,183,32,33.17686,-117.911583,2025-02-04T14:33:03Z
Seattle Express,636020257,9348687,A8PS5,0-AllShips,7-Cargo,36,267,1-AtAnchor,0.1,1738679406,293,32,33.66012,-118.135027,2025-02-04T14:33:03Z
Cgc Robert Ward,338926430,0,NRTW,9-NoInfo,0-Unknown,0,164,5-Moored,0,1738679489,44,8,33.72616,-118.269673,2025-02-04T14:33:03Z
So Glassy,338234443,0,,0-AllShips,37-Pleasure,211.2,163,15-NotDefined,0,1738679484,10,4,33.714923,-118.061087,2025-02-04T14:33:03Z
King And I,338421899,0,,0-AllShips,37-Pleasure,207.1,180,15-NotDefined,0,1738679447,0,0,33.97286,-118.45188,2025-02-04T14:33:03Z
Grecian Formula,338044878,0,C5689JU,0-AllShips,37-Pleasure,9.4,5.5,15-NotDefined,0,1738679520,10,4,33.761577,-118.184315,2025-02-04T14:33:03Z
Mobillity,338149432,0,,0-AllShips,37-Pleasure,183.7,87.5,15-NotDefined,0,1738679493,9,4,33.608877,-117.890123,2025-02-04T14:33:03Z
Jupiter,338351332,0,,0-AllShips,36-Sailing,-1,-1,15-NotDefined,0,1738679506,17,6,33.978458,-118.44973,2025-02-04T14:33:03Z
Lbfd Fb20,367698890,0,WDI4461,0-AllShips,51-SAR,100.7,36,5-Moored,0.1,1738679558,35,10,33.770282,-118.209735,2025-02-04T14:33:03Z
Temptress,368093210,0,WDK8341,0-AllShips,37-Pleasure,-1,21.2,15-NotDefined,0,1738678731,17,5,33.615787,-117.906202,2025-02-04T14:33:03Z
Va Santa Monica,368264950,0,WDN2750,0-AllShips,31-Towing,90.3,63,5-Moored,0,1738679390,9,4,33.97636,-118.442942,2025-02-04T14:33:03Z
Raven Heart,338474543,0,,0-AllShips,36-Sailing,-1,-1,15-NotDefined,0,1738679535,13,4,33.982492,-118.444825,2025-02-04T14:33:03Z
Athena,338158603,0,ATHENA,0-AllShips,36-Sailing,223,59.5,15-NotDefined,0,1738679263,9,3,34.405887,-119.692173,2025-02-04T14:33:03Z
Sea Sharp,338238144,0,,0-AllShips,37-Pleasure,-1,-1,15-NotDefined,0,1738679365,0,0,33.758515,-118.185488,2025-02-04T14:33:03Z
Catalina Jet,367199310,899414200,WDD8449,0-AllShips,4-HSC,254.9,2.8,15-NotDefined,0.1,1738679558,42,12,33.763028,-118.199457,2025-02-04T14:33:03Z
Rylacade,367533910,0,WDG4187,0-AllShips,36-Sailing,278,119,15-NotDefined,0,1738679485,13,4,33.981078,-118.453758,2025-02-04T14:33:03Z
G.crown,636022687,9982483,5LJZ5,0-AllShips,7-Cargo,352.1,276,1-AtAnchor,0.1,1738679534,172,28,33.728067,-118.226875,2025-02-04T14:33:03Z
Imagine,339559000,0,,0-AllShips,36-Sailing,45.6,178.4,15-NotDefined,0,1738679467,20,5,33.977407,-118.449508,2025-02-04T14:33:03Z
Cg Halibut,366999662,0,NNGH,0-AllShips,55-Law,100.9,37,5-Moored,0,1738679409,26,6,33.97018,-118.446682,2025-02-04T14:33:03Z
Limit Stalker,368095110,0,WDK8540,0-AllShips,37-Pleasure,338.2,86,15-NotDefined,0,1738679391,19,6,33.765257,-118.252458,2025-02-04T14:33:03Z
One Henry Hudson,370587000,9302176,3ETK4,1-HazCatX,7-Cargo,285.5,286,0-Underway(Engine),10.4,1738679529,336,46,34.380092,-120.617877,2025-02-04T14:33:03Z
Suenos,338422171,0,,0-AllShips,37-Pleasure,-1,74,15-NotDefined,0,1738679244,12,4,34.244713,-119.259387,2025-02-04T14:33:03Z
Adios,338054125,0,,0-AllShips,37-Pleasure,122.4,122.4,15-NotDefined,0,1738679513,15,5,33.98139,-118.449608,2025-02-04T14:33:03Z
Amalthea,338351509,0,WSFW124,0-AllShips,37-Pleasure,192.2,128.8,15-NotDefined,0,1738679485,14,5,33.72105,-118.2803,2025-02-04T14:33:03Z
Promotion,367710340,0,WDI5608,0-AllShips,37-Pleasure,170.7,123.6,15-NotDefined,0,1738679115,12,4,33.60234,-117.88582,2025-02-04T14:33:03Z
Pied-a-mer,338475197,0,,0-AllShips,37-Pleasure,-1,-1,15-NotDefined,0.1,1738679398,15,5,33.980947,-118.451363,2025-02-04T14:33:03Z
Westerly,338160209,0,,0-AllShips,36-Sailing,40.9,67.4,15-NotDefined,0,1738679251,11,4,34.407187,-119.692013,2025-02-04T14:33:03Z
Malolo,338238296,0,,0-AllShips,37-Pleasure,332.8,9.2,15-NotDefined,0,1738679157,9,2,33.45983,-117.695678,2025-02-04T14:33:03Z
Ocean Defender,367546320,0,WDG5405,0-AllShips,54-AntiPol,197.6,314.4,5-Moored,0.1,1738679470,20,6,34.406592,-119.69105,2025-02-04T14:33:03Z
Wolverine,368265680,0,WDN2825,0-AllShips,30-Fishing,-1,332.8,15-NotDefined,0,1738679542,26,8,33.737302,-118.26567,2025-02-04T14:33:03Z
Star Gibraltar,636024192,9702508,5LRK8,7-Reserved,7-Cargo,69.7,37,5-Moored,0.1,1738679443,200,32,33.75748,-118.262595,2025-02-04T14:33:03Z
Reel Deal,338424122,0,,0-AllShips,37-Pleasure,-1,241,15-NotDefined,0,1738679389,13,6,33.981237,-118.444942,2025-02-04T14:33:03Z
,346693300,,,,,-1,-1,0-Underway(Engine),0.1,1738676393,,,33.729405,-118.276177,2025-02-04T14:33:03Z
Pillar Bay,367002510,0,WDC3090,0-AllShips,30-Fishing,170.4,231.9,15-NotDefined,0,1738679244,20,6,34.242337,-119.26437,2025-02-04T14:33:03Z
Danny C,367199960,0,WBE8593,9-NoInfo,7-Cargo,122.7,122.7,0-Underway(Engine),6.9,1738679533,24,8,34.146508,-119.229183,2025-02-04T14:33:03Z
Indecent Proposal 4,367717020,0,WDI6277,0-AllShips,37-Pleasure,-1,-1,15-NotDefined,0,1738679440,30,6,33.970255,-118.449695,2025-02-04T14:33:03Z
Valkyrie,368095720,0,WDK8602,0-AllShips,37-Pleasure,-1,240.6,15-NotDefined,0,1738679392,21,5,34.178017,-119.223812,2025-02-04T14:33:03Z
Do Nothin',347016450,0,,0-AllShips,36-Sailing,45.7,78.3,15-NotDefined,0,1738679365,10,5,33.760925,-118.191827,2025-02-04T14:33:03Z
Obsession,338060204,0,,0-AllShips,37-Pleasure,-1,135,0-Underway(Engine),0,1738679520,26,7,34.16667,-119.226547,2025-02-04T14:33:03Z
Adventure,338238542,0,,0-AllShips,37-Pleasure,205.8,283.1,15-NotDefined,0,1738678965,16,6,33.613175,-117.924423,2025-02-04T14:33:03Z
Ever Fame,373712000,9850800,H9CF,0-AllShips,7-Cargo,256.8,201,5-Moored,0,1738679451,334,48,33.726055,-118.25993,2025-02-04T14:33:03Z
Knot Trading,338475617,0,,0-AllShips,37-Pleasure,-1,-1,15-NotDefined,0,1738679501,14,6,33.972247,-118.454518,2025-02-04T14:33:03Z
Cabrillo,367004260,0,WBU7354,0-AllShips,52-Tug,182,86.1,0-Underway(Engine),0.1,1738679560,19,3,33.743988,-118.20452,2025-02-04T14:33:03Z
Sv Dawn,338163002,0,DAWN,0-AllShips,36-Sailing,-1,305.4,15-NotDefined,0,1738679328,8,3,34.405238,-119.693808,2025-02-04T14:33:03Z
Octavia (us),338351674,0,,0-AllShips,37-Pleasure,36.3,14.7,15-NotDefined,0,1738679522,16,8,34.243575,-119.262383,2025-02-04T14:33:03Z
Raymondo Ii,367719670,0,,0-AllShips,37-Pleasure,180.4,230.5,15-NotDefined,0,1738679255,16,5,33.609637,-117.896845,2025-02-04T14:33:03Z
September Bliss,368101520,0,WDK9211,0-AllShips,36-Sailing,-1,-1,15-NotDefined,0,1738679437,0,0,33.979875,-118.443978,2025-02-04T14:33:03Z
Patriot,338424198,0,,0-AllShips,36-Sailing,16.5,288.5,15-NotDefined,0,1738678891,12,6,33.979627,-118.45268,2025-02-04T14:33:03Z
Tidalwave,338240395,0,,0-AllShips,37-Pleasure,337.5,332,15-NotDefined,0,1738679526,14,4,33.723518,-118.28125,2025-02-04T14:33:03Z
Ultra Pacific,367547310,0,WDG5500,0-AllShips,30-Fishing,308.1,261.1,15-NotDefined,0.1,1738679357,4,14,34.242217,-119.264455,2025-02-04T14:33:03Z
Caribbean,368270970,9694608,WDN3363,0-AllShips,7-Cargo,261.7,291,5-Moored,0.1,1738679463,66,14,34.148717,-119.202633,2025-02-04T14:33:03Z
Buenomar,974570043,0,,0-AllShips,36-Sailing,-1,-1,15-NotDefined,0,1738679553,18,6,34.405888,-119.689955,2025-02-04T14:33:03Z
Sunrise Queen,352002693,9959723,3E5007,0-AllShips,7-Cargo,349.7,179,5-Moored,0,1738679446,190,32,33.746702,-118.206772,2025-02-04T14:33:03Z
Rtime,338067371,0,,0-AllShips,37-Pleasure,-1,109,15-NotDefined,0,1738679061,14,4,33.459968,-117.7018,2025-02-04T14:33:03Z
Rare Genes,338163045,0,K48RIV,0-AllShips,37-Pleasure,-1,302.8,15-NotDefined,0,1738678976,14,5,33.62032,-117.927467,2025-02-04T14:33:03Z
Blondie,338352228,0,N/A,0-AllShips,37-Pleasure,-1,325.7,15-NotDefined,0,1738678696,0,0,33.607322,-117.885987,2025-02-04T14:33:03Z
Sarah C.,367308610,0,WDD9226,0-AllShips,32-BigTow,279.3,280,0-Underway(Engine),8.7,1738679562,20,6,33.689405,-118.312738,2025-02-04T14:33:03Z
Colosseum,367721190,0,WDI6686,0-AllShips,37-Pleasure,170.9,282.2,15-NotDefined,0,1738679396,24,6,33.720178,-118.278782,2025-02-04T14:33:03Z
Second Wind,338476311,0,,0-AllShips,37-Pleasure,-1,285,15-NotDefined,0,1738678637,12,2,33.98124,-118.447342,2025-02-04T14:33:03Z
Knot@work,338164079,0,,0-AllShips,37-Pleasure,322.3,133.4,15-NotDefined,0,1738679335,23,6,33.972893,-118.453445,2025-02-04T14:33:03Z
The Beach House,338353004,0,,0-AllShips,37-Pleasure,-1,4,15-NotDefined,0,1738679543,14,4,33.978353,-118.44961,2025-02-04T14:33:03Z
No Ties,367547980,0,WDG5571,0-AllShips,36-Sailing,286.7,272.7,15-NotDefined,0,1738679086,17,6,33.980958,-118.451803,2025-02-04T14:33:03Z
Knot So Fast,368114780,0,WDL2724,0-AllShips,36-Sailing,-1,-1,15-NotDefined,0.1,1738679546,12,4,33.716673,-118.27888,2025-02-04T14:33:03Z
Lottus,374158000,0,HP8554,0-AllShips,37-Pleasure,318.7,354,15-NotDefined,0,1738679501,0,0,33.76226,-118.183023,2025-02-04T14:33:03Z
Wise Guy,338425335,0,,0-AllShips,37-Pleasure,-1,330.7,15-NotDefined,0,1738678675,0,0,33.614755,-117.923698,2025-02-04T14:33:03Z
J&b,367010460,0,WDC3576,0-AllShips,30-Fishing,47.7,308.6,15-NotDefined,0,1738679031,20,0,33.61454,-117.913842,2025-02-04T14:33:03Z
Falkor,338241559,0,,0-AllShips,37-Pleasure,206.6,270.5,15-NotDefined,0,1738679494,11,22,33.982403,-118.452735,2025-02-04T14:33:03Z
Imagine Too,368272210,0,WDN3497,0-AllShips,36-Sailing,319.5,330.3,15-NotDefined,0,1738679412,14,3,33.758178,-118.18617,2025-02-04T14:33:03Z
Captain Jack,338425955,0,,0-AllShips,34-Diving,251,268,15-NotDefined,4,1738678857,0,0,33.768077,-118.219805,2025-02-04T14:33:03Z
Por La Mar,338476423,0,,0-AllShips,37-Pleasure,-1,260.3,15-NotDefined,0,1738679308,11,4,33.758597,-118.190487,2025-02-04T14:33:03Z
Seaspan Garibaldi,352004278,9974319,HOA3298,0-AllShips,8-Tanker,4.1,284,1-AtAnchor,0.1,1738679390,113,19,33.687635,-118.115892,2025-02-04T14:33:03Z
Pez Finder,338067800,0,,0-AllShips,37-Pleasure,-1,310.6,15-NotDefined,0,1738679417,12,4,33.98267,-118.45078,2025-02-04T14:33:03Z
Pacific Pacer,367548360,0,WDG5607,0-AllShips,30-Fishing,120.5,-1,15-NotDefined,0,1738678819,19,4,34.241942,-119.26445,2025-02-04T14:33:03Z
Ocean Glory,367721220,9681833,KOGH,0-AllShips,7-Cargo,71.3,248,1-AtAnchor,0.1,1738679496,171,25,33.733673,-118.229423,2025-02-04T14:33:03Z
Serenade,338165928,0,,0-AllShips,37-Pleasure,118.8,332,15-NotDefined,0,1738679445,0,0,33.758642,-118.184152,2025-02-04T14:33:03Z
Cheers,338354069,0,RON G,0-AllShips,37-Pleasure,-1,261.4,15-NotDefined,0,1738679545,12,2,33.762438,-118.116403,2025-02-04T14:33:03Z
Agua Mar,367309970,0,WDL5698,0-AllShips,37-Pleasure,-1,264,15-NotDefined,0,1738679356,12,5,33.6104,-117.895337,2025-02-04T14:33:03Z
Voyager,368117820,0,WDL3042,0-AllShips,36-Sailing,301,69.1,15-NotDefined,0,1738678945,13,4,33.72046,-118.276863,2025-02-04T14:33:03Z
Msc Arina,374607000,9839284,H9BV,1-HazCatX,7-Cargo,85.6,359,5-Moored,0,1738679539,400,61,33.754055,-118.214217,2025-02-04T14:33:03Z
Radiant,367015450,0,WV4560,0-AllShips,37-Pleasure,169.6,18.9,15-NotDefined,0,1738679420,0,0,33.719283,-118.282038,2025-02-04T14:33:03Z
Sequel,338247729,0,,0-AllShips,37-Pleasure,0,349.9,15-NotDefined,0,1738679306,15,3,33.980505,-118.447107,2025-02-04T14:33:03Z
Capri Summer,367559940,0,WDG6717,0-AllShips,37-Pleasure,24.9,109.9,15-NotDefined,0,1738679485,15,4,33.719515,-118.279703,2025-02-04T14:33:03Z
Mandala,368272230,0,WDN3499,0-AllShips,36-Sailing,-1,-1,15-NotDefined,0,1738679419,11,6,33.758607,-118.189823,2025-02-04T14:33:03Z
Salty Bird,338426438,0,SALTY B,0-AllShips,37-Pleasure,-1,-1,15-NotDefined,0.2,1738679435,13,4,33.615723,-117.915998,2025-02-04T14:33:03Z
P.marie,338477075,0,P.MARIE,0-AllShips,36-Sailing,-1,48.6,15-NotDefined,0,1738679548,10,3,34.246287,-119.26517,2025-02-04T14:33:03Z
Good Vibrations,338068521,0,,0-AllShips,37-Pleasure,271.2,274.3,15-NotDefined,0,1738679551,14,5,33.981947,-118.448848,2025-02-04T14:33:03Z
Clarity,367721260,0,WDI6692,0-AllShips,37-Pleasure,240.5,279.9,5-Moored,0,1738678936,24,6,33.609575,-117.888592,2025-02-04T14:33:03Z
Cinnabar,368117970,0,WDN5478,0-AllShips,37-Pleasure,229,-1,15-NotDefined,0,1738678878,10,4,34.405385,-119.691022,2025-02-04T14:33:03Z
Galileo,368158150,0,WDL7214,0-AllShips,36-Sailing,-1,-1,15-NotDefined,0,1738679554,14,8,33.97546,-118.457037,2025-02-04T14:33:03Z
Shogun Tender,338426907,0,,0-AllShips,37-Pleasure,158.3,281,15-NotDefined,0,1738679014,7,4,33.614657,-117.914673,2025-02-04T14:33:03Z
Mercury Island,352004705,1017543,3E6967,0-AllShips,7-Cargo,124.7,180,5-Moored,0,1738679456,200,33,33.74912,-118.206663,2025-02-04T14:33:03Z
Piper Inness,367017440,8964109,WDC3984,0-AllShips,56-Spare,210.3,64,5-Moored,0,1738679510,42,8,33.770808,-118.211713,2025-02-04T14:33:03Z
Vermeer,338167743,0,,0-AllShips,37-Pleasure,255,248.9,15-NotDefined,0,1738679439,11,4,33.718813,-118.281843,2025-02-04T14:33:03Z
Go Time,338247851,0,,0-AllShips,30-Fishing,259.8,100,15-NotDefined,0,1738679554,10,4,33.725398,-118.074947,2025-02-04T14:33:03Z
Seaclusion,338354382,0,,0-AllShips,37-Pleasure,-1,-1,15-NotDefined,0,1738679183,14,5,34.243003,-119.262332,2025-02-04T14:33:03Z
Burnin Daylight,338427231,0,,0-AllShips,37-Pleasure,-1,-1,15-NotDefined,0,1738679493,15,6,33.762635,-118.11729,2025-02-04T14:33:03Z
Son Shine,338477614,0,,0-AllShips,37-Pleasure,349.3,188,15-NotDefined,0,1738679339,14,5,34.17094,-119.226872,2025-02-04T14:33:03Z
Levitty,367312440,0,,0-AllShips,37-Pleasure,0,0,15-NotDefined,0,1738679200,16,4,33.72255,-118.07296,2025-02-04T14:33:03Z
Bailiwick,367563270,0,WDG7039,0-AllShips,37-Pleasure,6.3,-1,15-NotDefined,0,1738679412,20,6,34.406497,-119.689993,2025-02-04T14:33:03Z
Jake_shearer,367740790,9792773,WDI8655,0-AllShips,8-Tanker,285,282,0-Underway(Engine),8.3,1738679352,153,23,34.362723,-120.512548,2025-02-04T14:33:03Z
Dasananas,368120660,0,WDP2064,0-AllShips,36-Sailing,-1,44.9,15-NotDefined,0,1738679339,15,4,33.76656,-118.251597,2025-02-04T14:33:03Z
Pacific Alliance,368282780,0,WDN4634,0-AllShips,9-Other,306.7,15,5-Moored,0,1738679242,24,8,33.46031,-117.691567,2025-02-04T14:33:03Z
Saigon,377769000,0,J8Y3551,0-AllShips,37-Pleasure,-1,-1,15-NotDefined,0,1738678915,28,7,33.98061,-118.453307,2025-02-04T14:33:03Z
Freyja,338361459,0,,0-AllShips,36-Sailing,-1,-1,15-NotDefined,0,1738679138,13,4,34.406315,-119.68943,2025-02-04T14:33:03Z
Sundance,367314820,0,WDD9682,0-AllShips,37-Pleasure,74.1,302.8,15-NotDefined,0,1738679536,18,5,33.71779,-118.279098,2025-02-04T14:33:03Z
Sandpiper,368159060,0,WDL7314,0-AllShips,33-Dredging,-1,217.8,3-ResManoeuvre,0,1738679559,0,0,34.407537,-119.688805,2025-02-04T14:33:03Z
Debra C,367027570,7129817,WDM8821,0-AllShips,32-BigTow,188.1,253,5-Moored,0,1738679442,0,0,33.753168,-118.223888,2025-02-04T14:33:03Z
Rumrunner Ii,338075091,0,,0-AllShips,37-Pleasure,156.1,267.1,15-NotDefined,0,1738679289,12,4,34.244125,-119.262957,2025-02-04T14:33:03Z
Gotta Go,338172029,0,,0-AllShips,37-Pleasure,197.9,356.8,15-NotDefined,0,1738679225,10,4,33.460283,-117.69512,2025-02-04T14:33:03Z
Sea Monster,338249095,0,,0-AllShips,37-Pleasure,-1,359.8,15-NotDefined,0,1738679233,13,5,34.180248,-119.226223,2025-02-04T14:33:03Z
Flash,378112978,0,ZTL9980,0-AllShips,37-Pleasure,-1,241,15-NotDefined,0,1738679563,21,10,33.976587,-118.44363,2025-02-04T14:33:03Z
Lovely Day,338427531,0,,0-AllShips,36-Sailing,-1,56.7,15-NotDefined,0,1738679387,13,4,33.981735,-118.444513,2025-02-04T14:33:03Z
Black Dog,338478491,0,BLACDOG,0-AllShips,37-Pleasure,-1,72,15-NotDefined,0,1738679540,14,4,33.84727,-118.396915,2025-02-04T14:33:03Z
Nyk Demeter,353025000,9337664,3ENV5,0-AllShips,7-Cargo,101.8,199,5-Moored,0,1738679415,294,32,33.763668,-118.27224,2025-02-04T14:33:03Z
Off Season,338362994,0,,0-AllShips,37-Pleasure,-1,-1,15-NotDefined,0,1738678913,17,5,33.72681,-118.06189,2025-02-04T14:33:03Z
Island Explorer,367565750,0,WDG7285,0-AllShips,6-Passenger,167.8,250,0-Underway(Engine),0,1738679198,22,8,34.244523,-119.264933,2025-02-04T14:33:03Z
Pedazo Fino,368121000,0,WDP2032,0-AllShips,37-Pleasure,-1,-1,15-NotDefined,0,1738679432,30,9,33.975665,-118.443408,2025-02-04T14:33:03Z
Fzproductions,338078421,0,FZ,0-AllShips,37-Pleasure,147.2,11.9,15-NotDefined,0,1738679192,20,4,33.979658,-118.446957,2025-02-04T14:33:03Z
Ann-elyse,338174439,0,,0-AllShips,37-Pleasure,175.2,60.9,15-NotDefined,0,1738679394,10,7,33.619418,-117.895138,2025-02-04T14:33:03Z
Boat 15,338250173,0,,0-AllShips,51-SAR,-1,180,15-NotDefined,0,1738679269,11,2,34.161818,-119.222887,2025-02-04T14:33:03Z
Patricia Ann,367330510,9507879,WDE2845,0-AllShips,52-Tug,-1,309,0-Underway(Engine),0,1738679558,0,0,33.764037,-118.256708,2025-02-04T14:33:03Z
S. Bass,367754810,9094896,WDJ2053,0-AllShips,31-Towing,-1,-1,0-Underway(Engine),0,1738676966,18,8,33.771145,-118.213065,2025-02-04T14:33:03Z
Med Viking Ii,368285510,0,WDN4929,0-AllShips,36-Sailing,-1,286.4,15-NotDefined,0,1738679410,15,5,33.718667,-118.27683,2025-02-04T14:33:03Z
Denverreds,338427565,0,,0-AllShips,37-Pleasure,-1,237.1,15-NotDefined,0,1738679484,7,3,34.404205,-119.690185,2025-02-04T14:33:03Z
Topaz,338364031,0,,0-AllShips,37-Pleasure,179.5,203.9,15-NotDefined,0,1738679450,20,6,33.620238,-117.928445,2025-02-04T14:33:03Z
Lb Pilot Polaris 3,368159190,0,WDL7326,9-NoInfo,0-Unknown,26.5,97,0-Underway(Engine),0.2,1738679562,21,6,33.747322,-118.215655,2025-02-04T14:33:03Z
Something Special,388161873,0,,0-AllShips,30-Fishing,-1,-1,15-NotDefined,0.1,1738679514,20,6,33.761345,-118.196053,2025-02-04T14:33:03Z
Cash Money,338481524,0,,0-AllShips,37-Pleasure,-1,4.1,15-NotDefined,0,1738679386,20,4,33.972865,-118.454775,2025-02-04T14:33:03Z
Crystal Sea,367033480,0,WDC4959,0-AllShips,30-Fishing,186.8,174.9,15-NotDefined,0,1738679551,20,6,33.73779,-118.265925,2025-02-04T14:33:03Z
Sara,338174777,0,,0-AllShips,36-Sailing,353.2,483,15-NotDefined,0.1,1738679491,12,2,33.975577,-118.450738,2025-02-04T14:33:03Z
Get Nuts,338252851,0,,0-AllShips,37-Pleasure,-1,359.7,15-NotDefined,0,1738679495,13,5,33.980675,-118.453892,2025-02-04T14:33:03Z
Aloha Iii,368124160,0,,0-AllShips,37-Pleasure,292.1,31.2,15-NotDefined,0,1738679496,10,10,33.724232,-118.069538,2025-02-04T14:33:03Z
Grand Choice,357247000,9169316,3FDW9,0-AllShips,7-Cargo,241,331,1-AtAnchor,0,1738679458,179,33,34.098332,-119.18094,2025-02-04T14:33:03Z
Never,338364492,0,,0-AllShips,4-HSC,-1,-1,15-NotDefined,0,1738679377,13,4,34.24236,-119.261858,2025-02-04T14:33:03Z
Condor Express,367568350,0,WDG7544,7-Reserved,6-Passenger,233.8,196,15-NotDefined,0,1738679235,23,7,34.240283,-119.262548,2025-02-04T14:33:03Z
All The Way There,367755610,0,WDJ2141,0-AllShips,36-Sailing,207.9,85.2,15-NotDefined,0,1738679499,14,5,33.983533,-118.448893,2025-02-04T14:33:03Z
Blue Horizon,368289820,0,WDN5411,0-AllShips,36-Sailing,158.9,-1,15-NotDefined,0,1738678881,17,7,33.97871,-118.449522,2025-02-04T14:33:03Z
Sol Mar,338427761,0,,0-AllShips,37-Pleasure,-1,-1,15-NotDefined,0,1738679047,16,6,33.762593,-118.117462,2025-02-04T14:33:03Z
Malika,338081579,0,,0-AllShips,37-Pleasure,342.4,92.2,15-NotDefined,0,1738679469,13,4,33.72085,-118.280477,2025-02-04T14:33:03Z
Bare Footin',338301498,0,,0-AllShips,37-Pleasure,-1,192.4,15-NotDefined,0,1738679263,11,4,33.606805,-117.88566,2025-02-04T14:33:03Z
Serengeti,367344710,0,WDE3827,0-AllShips,37-Pleasure,212.2,28,5-Moored,0,1738679550,40,8,33.6148,-117.914598,2025-02-04T14:33:03Z
Cielo,368124560,0,WDL3742,0-AllShips,36-Sailing,160.9,18.7,15-NotDefined,0.1,1738679550,12,4,33.752943,-118.11076,2025-02-04T14:33:03Z
Pegasus,368291930,0,,0-AllShips,37-Pleasure,-1,269,15-NotDefined,0,1738679465,12,4,33.615713,-117.902292,2025-02-04T14:33:03Z
Ym Ubiquity,416467000,9462706,BLHM,4-HazCatOS,7-Cargo,107,107,0-Underway(Engine),10.1,1738679555,333,43,34.095667,-119.510667,2025-02-04T14:33:03Z
Florian,338485162,0,FLORIAN,0-AllShips,37-Pleasure,57.7,261,15-NotDefined,0,1738679081,13,5,34.245283,-119.264803,2025-02-04T14:33:03Z
Islandia Ii,338175175,0,,0-AllShips,37-Pleasure,-1,-1,15-NotDefined,0,1738679531,12,3,34.179223,-119.227022,2025-02-04T14:33:03Z
,338364495,,,,,-1,12,15-NotDefined,0,1738678058,,,34.241667,-119.261667,2025-02-04T14:33:03Z
Barbara J Mulholland,367569830,0,WDG7687,0-AllShips,31-Towing,197.8,207,0-Underway(Engine),0,1738679563,30,12,33.763798,-118.256923,2025-02-04T14:33:03Z
Buenaventura,367757330,0,,0-AllShips,37-Pleasure,-1,31.6,15-NotDefined,0,1738679526,16,6,33.609703,-117.894473,2025-02-04T14:33:03Z
S/v Verano,368161930,0,WDL7626,0-AllShips,36-Sailing,10.9,266.7,15-NotDefined,0,1738679545,12,3,34.405807,-119.69028,2025-02-04T14:33:03Z
Saint George,338428995,0,,0-AllShips,37-Pleasure,-1,162.3,15-NotDefined,0.1,1738679087,10,3,33.845613,-118.39686,2025-02-04T14:33:03Z
Valhowell,338302249,0,,0-AllShips,36-Sailing,253.8,262.4,15-NotDefined,0,1738679028,16,2,34.244377,-119.263093,2025-02-04T14:33:03Z
Brisa,338364968,0,,0-AllShips,36-Sailing,-1,-1,15-NotDefined,0,1738679525,12,4,33.75217,-118.111287,2025-02-04T14:33:03Z
Second Kiss,368300680,0,WDN6605,0-AllShips,36-Sailing,234.8,20,15-NotDefined,0,1738679357,14,4,33.757662,-118.186512,2025-02-04T14:33:03Z
Sea Rover,338488092,0,,0-AllShips,37-Pleasure,-1,-1,15-NotDefined,0,1738679441,13,4,33.761933,-118.182812,2025-02-04T14:33:03Z
Fireboat 3,366081959,0,,9-NoInfo,0-Unknown,331.8,131,0-Underway(Engine),0.1,1738678967,0,0,33.765377,-118.255703,2025-02-04T14:33:03Z
Lb Pilot Boat Altair,338087117,0,,0-AllShips,37-Pleasure,297.7,302,15-NotDefined,0.2,1738679410,0,0,33.747097,-118.215532,2025-02-04T14:33:03Z
Double Down,338176416,0,,0-AllShips,36-Sailing,-1,-1,15-NotDefined,0,1738679424,10,3,33.973117,-118.451073,2025-02-04T14:33:03Z
True Blue,367345050,0,WDI9958,0-AllShips,36-Sailing,125.7,95.2,15-NotDefined,0,1738679223,16,4,33.978148,-118.449502,2025-02-04T14:33:03Z
Darell Hiatt,368133450,1301246,WDL4645,0-AllShips,31-Towing,350.1,341,0-Underway(Engine),0,1738679554,27,10,33.731163,-118.261108,2025-02-04T14:33:03Z
Escapade,367345120,0,,0-AllShips,36-Sailing,209.5,199.4,15-NotDefined,0,1738679546,11,2,33.751885,-118.111407,2025-02-04T14:33:03Z
Fireboat 15,367760290,0,WDJ2641,0-AllShips,51-SAR,157.6,0,5-Moored,0.1,1738679504,35,10,33.748007,-118.21553,2025-02-04T14:33:03Z
V.a. San Pedro,368165030,0,,0-AllShips,52-Tug,241,216,0-Underway(Engine),0,1738679558,10,4,33.723447,-118.28069,2025-02-04T14:33:03Z
Asian Emperor,441722000,9176632,D7AG,0-AllShips,7-Cargo,294.7,130,5-Moored,0,1738679554,200,32,33.743582,-118.208037,2025-02-04T14:33:03Z
Cinderella,338177481,0,,0-AllShips,37-Pleasure,212.6,-1,15-NotDefined,0,1738679392,12,4,33.720512,-118.2801,2025-02-04T14:33:03Z
Southern Speed,338302255,0,,0-AllShips,37-Pleasure,92.1,16.2,15-NotDefined,0,1738679338,9,6,33.721713,-118.280542,2025-02-04T14:33:03Z
V.a.point Vicente,338366226,0,,0-AllShips,31-Towing,316.3,226,0-Underway(Engine),0,1738679561,23,6,33.723365,-118.280653,2025-02-04T14:33:03Z
Donz Rig,367571130,0,WDG7817,0-AllShips,30-Fishing,345.5,243,15-NotDefined,2.6,1738679367,0,0,33.47292,-118.608005,2025-02-04T14:33:03Z
Rigolo,368307490,0,WDN7334,0-AllShips,37-Pleasure,-1,182.5,15-NotDefined,0,1738678857,0,0,33.97552,-118.456527,2025-02-04T14:33:03Z
Seaglass,338429064,0,,0-AllShips,37-Pleasure,-1,309.1,15-NotDefined,0,1738679379,10,4,33.615608,-117.916477,2025-02-04T14:33:03Z
Sweet,338488648,0,,0-AllShips,36-Sailing,243.7,173.2,15-NotDefined,0.1,1738679311,12,4,34.24418,-119.260667,2025-02-04T14:33:03Z
Hammer,338092107,0,WDC9051,0-AllShips,37-Pleasure,123.7,175,15-NotDefined,0,1738678958,13,5,33.725825,-118.076402,2025-02-04T14:33:03Z
Dark Side,338303696,0,,0-AllShips,37-Pleasure,357.3,201.1,15-NotDefined,0,1738678920,11,4,33.602852,-117.887595,2025-02-04T14:33:03Z
Don Juan,366328490,0,WRB6521,0-AllShips,37-Pleasure,204.2,300.5,15-NotDefined,0,1738679434,0,0,33.614308,-117.913458,2025-02-04T14:33:03Z
Dauntless,367348670,0,WDE4094,0-AllShips,36-Sailing,0,139.6,15-NotDefined,0,1738679443,16,6,33.610732,-117.923948,2025-02-04T14:33:03Z
Rae C Irene,367770690,0,WDJ3720,0-AllShips,37-Pleasure,126.2,299.1,15-NotDefined,0,1738679370,15,5,33.97655,-118.449568,2025-02-04T14:33:03Z
Level Up,368133970,0,WDL4699,0-AllShips,36-Sailing,9.7,353.5,15-NotDefined,0,1738679468,17,5,34.163353,-119.2258,2025-02-04T14:33:03Z
Sabbatical,368318150,0,WDN8500,0-AllShips,36-Sailing,295.5,303,15-NotDefined,0,1738679390,13,4,33.982413,-118.450132,2025-02-04T14:33:03Z
Kalae,338488891,0,,0-AllShips,36-Sailing,-1,96.3,15-NotDefined,0,1738679480,12,5,33.724365,-118.281475,2025-02-04T14:33:03Z
Barbara Ann,338178609,0,,0-AllShips,37-Pleasure,336,316,15-NotDefined,0,1738679366,14,4,34.180397,-119.228602,2025-02-04T14:33:03Z
Second Wind,338304692,0,,0-AllShips,36-Sailing,250,19,15-NotDefined,0,1738679388,10,3,33.848052,-118.398147,2025-02-04T14:33:03Z
V.a.point Fermin,368165820,0,WDL8036,0-AllShips,50-Pilot,153.1,198.7,5-Moored,0,1738679473,10,4,33.723413,-118.28052,2025-02-04T14:33:03Z
Sv Gypsy Wind,368328520,0,WDN9602,0-AllShips,36-Sailing,-1,26.2,15-NotDefined,0,1738679538,12,6,33.721817,-118.281122,2025-02-04T14:33:03Z
,476907368,,,,,110.8,90,0-Underway(Engine),0,1738678629,,,33.7436,-118.201948,2025-02-04T14:33:03Z
Too Wild,338429247,0,,0-AllShips,37-Pleasure,224,335.8,15-NotDefined,0,1738679523,12,6,33.726318,-118.07404,2025-02-04T14:33:03Z
Aquila,366554000,0,WDF8873,9-NoInfo,6-Passenger,229,250,5-Moored,0,1738679542,20,8,33.723833,-118.279667,2025-02-04T14:33:03Z
Sweet May,338094919,0,,0-AllShips,37-Pleasure,125.5,197.3,15-NotDefined,0,1738679547,15,4,33.983623,-118.450878,2025-02-04T14:33:03Z
Glansea,338368678,0,,0-AllShips,37-Pleasure,240.4,243,15-NotDefined,0,1738679370,0,0,34.181877,-119.229765,2025-02-04T14:33:03Z
White Shark,367574860,0,WDG8183,0-AllShips,37-Pleasure,190.8,70.5,15-NotDefined,0,1738679090,14,4,33.726735,-118.064988,2025-02-04T14:33:03Z
Innovation,367771000,9542594,WDF4831,9-NoInfo,8-Tanker,100.6,351,1-AtAnchor,0.1,1738679396,210,23,33.735483,-118.225645,2025-02-04T14:33:03Z
Moonshadow Star,368134990,0,WDL4804,0-AllShips,36-Sailing,71.9,73.9,15-NotDefined,0,1738679542,18,3,33.74976,-118.114013,2025-02-04T14:33:03Z
Seaspan Chiba,477213800,9492713,VRIM5,0-AllShips,7-Cargo,28.9,90,0-Underway(Engine),0,1738679563,268,35,33.743622,-118.201927,2025-02-04T14:33:03Z
Quest,338384282,0,,0-AllShips,36-Sailing,-1,140.3,15-NotDefined,0,1738679553,9,3,33.72022,-118.281462,2025-02-04T14:33:03Z
Janice O,338181008,0,,0-AllShips,37-Pleasure,255.1,255.1,15-NotDefined,0,1738679278,0,0,33.71417,-118.062637,2025-02-04T14:33:03Z
Sunshine State,367353090,9408114,WDE4432,0-AllShips,8-Tanker,56,237,5-Moored,0,1738679523,183,32,33.749017,-118.209967,2025-02-04T14:33:03Z
Always Right,367599960,0,WDL7051,0-AllShips,37-Pleasure,334.8,-1,15-NotDefined,0,1738679422,14,5,33.720653,-118.278115,2025-02-04T14:33:03Z
Windwalker,338489635,0,,0-AllShips,37-Pleasure,-1,-1,15-NotDefined,0.1,1738679430,15,6,33.8449,-118.396323,2025-02-04T14:33:03Z
Ataraxia,338310082,0,,0-AllShips,36-Sailing,264.9,181,15-NotDefined,0,1738679382,17,5,34.17437,-119.226767,2025-02-04T14:33:03Z
Life Aquatic,368166370,0,WDL8099,0-AllShips,37-Pleasure,279.4,294.6,15-NotDefined,0,1738679237,25,6,34.174027,-119.228357,2025-02-04T14:33:03Z
Catalyst,368330530,0,WDN9817,0-AllShips,37-Pleasure,-1,-1,15-NotDefined,0,1738679362,13,7,33.97225,-118.454237,2025-02-04T14:33:03Z
Wild Bill,338430028,0,,0-AllShips,37-Pleasure,-1,288.7,15-NotDefined,0,1738679531,12,5,33.45807,-117.695805,2025-02-04T14:33:03Z
Swift Responder,366607000,9043938,WDN7364,0-AllShips,7-Cargo,217.2,176,5-Moored,0,1738679249,70,15,34.150665,-119.209898,2025-02-04T14:33:03Z
Land Shark,338098994,0,0000000,0-AllShips,37-Pleasure,270.1,272.9,15-NotDefined,0,1738678953,19,6,33.972853,-118.452757,2025-02-04T14:33:03Z
Querencia,338181327,0,,0-AllShips,37-Pleasure,-1,339.7,15-NotDefined,0,1738679084,10,4,34.170803,-119.229262,2025-02-04T14:33:03Z
Pura Vida,338368764,0,,0-AllShips,37-Pleasure,162.1,318.7,15-NotDefined,0,1738679236,15,5,34.185023,-119.2262,2025-02-04T14:33:03Z
Hercules,368136950,0,WDL5002,0-AllShips,52-Tug,246.6,200,15-NotDefined,0.2,1738679562,27,12,33.740233,-118.2781,2025-02-04T14:33:03Z
Mamaste,338384947,0,,0-AllShips,36-Sailing,-1,-1,15-NotDefined,0,1738679490,10,4,33.973057,-118.452225,2025-02-04T14:33:03Z
Wahoo,338310725,0,WDD8948,0-AllShips,37-Pleasure,129.8,255,15-NotDefined,0,1738679434,11,4,33.719658,-118.276253,2025-02-04T14:33:03Z
Sea Force,367616090,0,WDH4282,0-AllShips,53-Tender,81.3,287,5-Moored,0,1738679516,25,6,33.770023,-118.21251,2025-02-04T14:33:03Z
Pacific Patriot,367776050,0,WDJ4269,0-AllShips,52-Tug,55.3,335,0-Underway(Engine),0,1738677216,20,8,33.771058,-118.213367,2025-02-04T14:33:03Z
Miss Dominica,368167190,0,,0-AllShips,30-Fishing,197.9,348,15-NotDefined,0,1738679287,11,3,34.244468,-119.26485,2025-02-04T14:33:03Z
Cosco Portugal,477271400,9516466,VRNI6,1-HazCatX,7-Cargo,192.3,195,0-Underway(Engine),10.1,1738679560,366,52,33.663558,-118.20018,2025-02-04T14:33:03Z
Doc Holidays,338430405,0,,0-AllShips,37-Pleasure,-1,-1,15-NotDefined,0,1738679465,4,8,33.728233,-118.081652,2025-02-04T14:33:03Z
Lil' Fella,338489894,0,,0-AllShips,37-Pleasure,124.3,124.3,15-NotDefined,0,1738679112,0,0,33.610062,-117.924985,2025-02-04T14:33:03Z
Cape Isabel,366734000,7390129,KLHR,0-AllShips,7-Cargo,0,11,5-Moored,0,1738679501,209,32,33.743992,-118.226665,2025-02-04T14:33:03Z
Cazadorgb32,338182181,0,WTF8505,0-AllShips,37-Pleasure,-1,269.1,15-NotDefined,0,1738679174,11,4,33.609833,-117.915517,2025-02-04T14:33:03Z
Fight On,338369004,0,,0-AllShips,37-Pleasure,37,35.1,15-NotDefined,0.1,1738679434,12,6,34.405273,-119.690222,2025-02-04T14:33:03Z
Gan Eden,367371520,0,WDE5779,0-AllShips,37-Pleasure,319.5,4.3,15-NotDefined,0,1738679479,21,6,33.61905,-117.923822,2025-02-04T14:33:03Z
Tiddly,368332560,0,WDP2033,0-AllShips,37-Pleasure,231.7,270,15-NotDefined,0,1738679222,16,6,33.609155,-117.917218,2025-02-04T14:33:03Z
Mother Ship,338099733,0,,0-AllShips,37-Pleasure,-1,35,15-NotDefined,0,1738679544,14,4,33.845285,-118.396288,2025-02-04T14:33:03Z
Storm Maker Iii,338183558,0,,0-AllShips,37-Pleasure,169.8,169.8,15-NotDefined,0,1738678258,13,5,33.719633,-118.279945,2025-02-04T14:33:03Z
Mastiha,368167980,0,,0-AllShips,36-Sailing,17.8,167.1,15-NotDefined,0,1738679042,16,5,33.459713,-117.701792,2025-02-04T14:33:03Z
Layline,338385704,0,,0-AllShips,37-Pleasure,0,286.5,15-NotDefined,0,1738679084,12,4,33.46014,-117.694397,2025-02-04T14:33:03Z
Kujira,338430481,0,,0-AllShips,37-Pleasure,296.3,203.3,15-NotDefined,0,1738679415,5,17,34.244368,-119.262697,2025-02-04T14:33:03Z
Huckleberry,338184024,0,,0-AllShips,36-Sailing,346.4,354.6,15-NotDefined,0,1738679395,16,5,33.975402,-118.45263,2025-02-04T14:33:03Z
Jaws,338310827,0,,0-AllShips,37-Pleasure,93.5,131.9,15-NotDefined,0,1738678659,16,4,33.721722,-118.070055,2025-02-04T14:33:03Z
Second Wind,368149710,0,WDL6331,0-AllShips,37-Pleasure,-1,31,15-NotDefined,0,1738679404,15,5,33.615498,-117.901358,2025-02-04T14:33:03Z
Soggy Dollar,338489967,0,,0-AllShips,37-Pleasure,148.7,108.5,15-NotDefined,0,1738679323,11,4,33.609597,-117.896713,2025-02-04T14:33:03Z
Rescue Boat 126,366745450,0,,0-AllShips,37-Pleasure,-1,278.1,15-NotDefined,0,1738679471,8,4,33.758397,-118.183888,2025-02-04T14:33:03Z
Mirabella,338312034,0,,0-AllShips,37-Pleasure,0,213.3,15-NotDefined,0,1738678930,12,5,33.973108,-118.450048,2025-02-04T14:33:03Z
Dolly,338369901,0,,0-AllShips,37-Pleasure,-1,202,15-NotDefined,0,1738679384,18,6,33.607617,-117.916678,2025-02-04T14:33:03Z
Joy,367380450,0,WDE6451,0-AllShips,36-Sailing,197.9,218.2,15-NotDefined,0,1738679259,13,4,34.245587,-119.2647,2025-02-04T14:33:03Z
Love The Journey,367621460,0,WDH4795,0-AllShips,37-Pleasure,-1,-1,15-NotDefined,0,1738679231,18,6,33.757373,-118.186727,2025-02-04T14:33:03Z
Kaylee,367778330,0,WDJ4506,0-AllShips,36-Sailing,204.1,0.5,15-NotDefined,0,1738678969,10,3,34.24688,-119.26512,2025-02-04T14:33:03Z
Flying Fish,368334180,0,WDP2210,0-AllShips,30-Fishing,-1,-1,15-NotDefined,0,1738679463,11,5,33.722695,-118.279602,2025-02-04T14:33:03Z
Seaspan Bravo,477271900,9685322,VRNJ2,2-HazCatY,7-Cargo,70.8,37,5-Moored,0,1738679526,337,48,33.757478,-118.260018,2025-02-04T14:33:03Z
Wepa!!!,338385737,0,,0-AllShips,37-Pleasure,260.1,260,15-NotDefined,0,1738679488,10,4,33.75128,-118.110338,2025-02-04T14:33:03Z
Mare'zia,338100018,0,,0-AllShips,37-Pleasure,289.2,264,15-NotDefined,0,1738679403,4,1,33.848632,-118.39941,2025-02-04T14:33:03Z
Parlay,368155570,0,WDL6941,0-AllShips,37-Pleasure,70.3,333.2,15-NotDefined,0,1738679185,11,4,33.610022,-117.895927,2025-02-04T14:33:03Z
It's All Good,368167990,0,WDL8279,0-AllShips,37-Pleasure,40.5,139,15-NotDefined,0,1738679500,14,5,33.621882,-117.89485,2025-02-04T14:33:03Z
Karma,338490342,0,KARMA,0-AllShips,36-Sailing,312.6,83.7,15-NotDefined,0,1738678927,13,4,34.243805,-119.261895,2025-02-04T14:33:03Z
Endurance,338188639,0,ENDURAN,0-AllShips,9-Other,70.8,79.7,15-NotDefined,0,1738679150,16,8,33.723003,-118.057968,2025-02-04T14:33:03Z
Kalani Kai,338376315,0,,0-AllShips,37-Pleasure,-1,237.6,15-NotDefined,0,1738679466,9,3,33.728325,-118.077838,2025-02-04T14:33:03Z
Yeah Baybee!,367380940,0,WDH3042,0-AllShips,37-Pleasure,198,336.1,0-Underway(Engine),0,1738679561,20,6,33.971115,-118.449547,2025-02-04T14:33:03Z
Miss Bee Havn,367778930,0,WDJ4565,0-AllShips,37-Pleasure,96.1,355.4,15-NotDefined,0,1738679315,12,6,33.460165,-117.69775,2025-02-04T14:33:03Z
Four Reels,338430676,0,,0-AllShips,37-Pleasure,-1,95.5,15-NotDefined,0.1,1738679510,15,5,33.758225,-118.18481,2025-02-04T14:33:03Z
Rescue Boat 128,366745470,0,,0-AllShips,37-Pleasure,-1,82.1,15-NotDefined,0,1738679324,8,4,33.750753,-118.113518,2025-02-04T14:33:03Z
Ios,338313036,0,,0-AllShips,37-Pleasure,49,292,15-NotDefined,0,1738679255,20,4,33.61583,-117.917078,2025-02-04T14:33:03Z
Delta Audrey,367625810,0,WDH5227,0-AllShips,52-Tug,325.8,168,0-Underway(Engine),0.3,1738679560,32,12,33.763937,-118.246383,2025-02-04T14:33:03Z
Vesper,368156420,0,WDL7026,0-AllShips,37-Pleasure,-1,-1,15-NotDefined,0,1738679320,18,5,33.983422,-118.450123,2025-02-04T14:33:03Z
Serena,368168350,0,WDL8318,0-AllShips,37-Pleasure,-1,40.5,15-NotDefined,0,1738679405,16,4,33.61374,-117.922953,2025-02-04T14:33:03Z
Takin' 5,368336270,0,WDP2436,0-AllShips,37-Pleasure,323.6,1,15-NotDefined,0,1738679195,9,3,34.173457,-119.227078,2025-02-04T14:33:03Z
Ym Wholesome,477524700,9704611,VROO4,4-HazCatOS,7-Cargo,107.5,90,5-Moored,0,1738679391,368,51,33.743465,-118.194747,2025-02-04T14:33:03Z
Quackers,338387252,0,,9-NoInfo,9-Other,-1,190.3,15-NotDefined,0,1738679548,0,0,33.982498,-118.450443,2025-02-04T14:33:03Z
Tonina,338491008,0,,0-AllShips,37-Pleasure,318.3,227,15-NotDefined,0,1738679435,0,0,33.748855,-118.113817,2025-02-04T14:33:03Z
Islander,338102076,0,,0-AllShips,37-Pleasure,241,309.7,15-NotDefined,0,1738679343,12,4,34.174705,-119.228993,2025-02-04T14:33:03Z
Oschmit,338202329,0,,0-AllShips,37-Pleasure,167.1,-1,15-NotDefined,0,1738679007,14,4,33.720883,-118.061505,2025-02-04T14:33:03Z
Veer West,338314424,0,,0-AllShips,37-Pleasure,-1,-1,15-NotDefined,0,1738679548,11,4,33.727018,-118.075257,2025-02-04T14:33:03Z
3 Ten,367779170,0,WDM8093,0-AllShips,37-Pleasure,-1,230.3,15-NotDefined,0,1738679100,19,6,33.60553,-117.908505,2025-02-04T14:33:03Z
Anejo,338380021,0,,0-AllShips,37-Pleasure,-1,217,15-NotDefined,0,1738679394,15,6,33.610158,-117.92512,2025-02-04T14:33:03Z
Madeline B Hamilton,368171260,0,WDL8617,0-AllShips,52-Tug,133.4,337,12-Reserved,0,1738679562,18,8,33.731227,-118.260988,2025-02-04T14:33:03Z
Rosewood,368338520,0,WDP2673,0-AllShips,36-Sailing,-1,168,15-NotDefined,0,1738679446,18,5,33.973785,-118.449558,2025-02-04T14:33:03Z
Tugquila,338431354,0,,0-AllShips,37-Pleasure,-1,249.2,15-NotDefined,0.1,1738679447,9,4,34.404573,-119.691347,2025-02-04T14:33:03Z
Leader,366760650,9188568,WCY8495,0-AllShips,52-Tug,68,226,0-Underway(Engine),0,1738679558,30,10,33.742778,-118.192908,2025-02-04T14:33:03Z
Truth,367384840,0,WDL9629,0-AllShips,34-Diving,267.1,23.6,15-NotDefined,0,1738679489,21,7,34.408033,-119.691547,2025-02-04T14:33:03Z
Castello,367789430,0,WDJ5599,0-AllShips,37-Pleasure,190.9,288.6,15-NotDefined,0,1738679268,16,6,33.972303,-118.455262,2025-02-04T14:33:03Z
Namaste,338491029,0,,0-AllShips,36-Sailing,179.6,172.9,15-NotDefined,0,1738679251,12,4,34.24456,-119.26096,2025-02-04T14:33:03Z
Vilhelmina,338102124,0,000000,0-AllShips,37-Pleasure,88.6,312.5,15-NotDefined,0,1738679310,13,4,33.46005,-117.69365,2025-02-04T14:33:03Z
Charisma,338206665,0,,0-AllShips,37-Pleasure,335.3,19.2,15-NotDefined,0,1738679253,13,4,33.603125,-117.887957,2025-02-04T14:33:03Z
Kap Dan Du,338316876,0,WDL5113,0-AllShips,37-Pleasure,82.1,220.1,15-NotDefined,0,1738679035,0,0,33.45874,-117.694747,2025-02-04T14:33:03Z
Surfrider,367626680,0,WDH5312,0-AllShips,37-Pleasure,199.5,213,15-NotDefined,0,1738679342,30,6,33.972977,-118.453023,2025-02-04T14:33:03Z
Neptune Island,477732300,9544140,VRUH3,0-AllShips,7-Cargo,68.4,130,5-Moored,0,1738679456,185,31,33.745712,-118.21112,2025-02-04T14:33:03Z
The Essie,338388274,0,,0-AllShips,37-Pleasure,166,-1,15-NotDefined,0,1738679442,12,3,33.719303,-118.277605,2025-02-04T14:33:03Z
Stinger,338380563,0,,0-AllShips,37-Pleasure,-1,-1,15-NotDefined,0.1,1738679473,13,4,33.758025,-118.186022,2025-02-04T14:33:03Z
Salte,367791820,0,WDJ5840,0-AllShips,37-Pleasure,198.7,198.7,15-NotDefined,0.8,1738679352,23,6,33.611103,-117.928015,2025-02-04T14:33:03Z
Slow Poke,368340590,0,WDP2914,0-AllShips,37-Pleasure,211.3,62,5-Moored,0.1,1738679538,25,7,33.618153,-117.9275,2025-02-04T14:33:03Z
Second Wind,338431726,0,,0-AllShips,37-Pleasure,150.2,180,15-NotDefined,0,1738678729,10,3,33.981622,-118.44465,2025-02-04T14:33:03Z
Skeeter 2,338491282,0,,0-AllShips,37-Pleasure,-1,134.1,15-NotDefined,0.1,1738679535,16,4,34.406447,-119.68959,2025-02-04T14:33:03Z
Sea Delight,338107818,0,,0-AllShips,37-Pleasure,183.3,345.7,15-NotDefined,0,1738679497,27,8,33.980577,-118.449007,2025-02-04T14:33:03Z
True Grit,338207261,0,,0-AllShips,37-Pleasure,-1,336.9,15-NotDefined,0,1738679462,13,5,33.723433,-118.0631,2025-02-04T14:33:03Z
Freewill,338318302,0,,0-AllShips,36-Sailing,-1,90.3,15-NotDefined,0,1738679186,14,5,33.982287,-118.447035,2025-02-04T14:33:03Z
The Last Hurrah,367395330,0,WDE 760,0-AllShips,37-Pleasure,200.2,269.9,15-NotDefined,0,1738679249,26,6,33.615448,-117.902888,2025-02-04T14:33:03Z
Brooks M Hamilton,368171390,0,WDL8631,0-AllShips,56-Spare,158.9,249,5-Moored,0,1738679407,26,10,33.730863,-118.261327,2025-02-04T14:33:03Z
Jocar,366762020,0,WCY8971,0-AllShips,37-Pleasure,46.8,58.1,15-NotDefined,0,1738679468,18,5,33.982283,-118.449647,2025-02-04T14:33:03Z
Quitcherbellyachin,338319871,0,,0-AllShips,37-Pleasure,-1,253.9,15-NotDefined,0,1738679476,18,6,33.721558,-118.28054,2025-02-04T14:33:03Z
Sea Cloud,367627130,0,WDH5355,0-AllShips,37-Pleasure,53.6,65,15-NotDefined,0,1738679432,14,4,33.725815,-118.06201,2025-02-04T14:33:03Z
Rum Away,368001460,0,WDJ6912,0-AllShips,37-Pleasure,266.5,183.9,15-NotDefined,0,1738679522,14,8,33.974838,-118.453517,2025-02-04T14:33:03Z
As You Wish,368343040,0,WDP3179,0-AllShips,37-Pleasure,0,248,15-NotDefined,0,1738679546,15,5,33.849585,-118.398013,2025-02-04T14:33:03Z
Giant Stride,338390164,0,,0-AllShips,34-Diving,-1,239,15-NotDefined,0,1738679526,13,4,33.72492,-118.280213,2025-02-04T14:33:03Z
Hydrotherapy,338431937,0,,0-AllShips,37-Pleasure,-1,356.1,15-NotDefined,0,1738679134,0,0,34.181902,-119.233285,2025-02-04T14:33:03Z
Reel Noyes,338382138,0,,0-AllShips,37-Pleasure,-1,156.2,15-NotDefined,0,1738679311,17,5,33.600903,-117.887387,2025-02-04T14:33:03Z
Delta Billie,367401030,9562207,WDE8059,0-AllShips,31-Towing,309.3,141,0-Underway(Engine),2,1738679562,30,12,33.76347,-118.248253,2025-02-04T14:33:03Z
Md:143211,477991618,0,VRS8316,0-AllShips,36-Sailing,-1,-1,15-NotDefined,0,1738679522,21,6,33.724845,-118.280002,2025-02-04T14:33:03Z
Incommunicado,338492377,0,,0-AllShips,37-Pleasure,-1,-1,15-NotDefined,0,1738679317,11,4,33.460932,-117.698228,2025-02-04T14:33:03Z
Theflyingpenguin,338108205,0,,0-AllShips,36-Sailing,-1,294.2,15-NotDefined,0,1738679420,12,4,34.16638,-119.226998,2025-02-04T14:33:03Z
Fishaholic,338208108,0,,0-AllShips,37-Pleasure,208.6,42.5,15-NotDefined,0,1738679070,12,4,33.45998,-117.695182,2025-02-04T14:33:03Z
Pono,367034960,0,WCB4095,0-AllShips,52-Tug,250.3,60.6,0-Underway(Engine),0,1738679556,23,10,33.767445,-118.21697,2025-02-04T14:33:03Z
Shogun,368182570,0,WDL9823,0-AllShips,9-Other,29.4,30,5-Moored,0,1738679519,39,8,33.614803,-117.914707,2025-02-04T14:33:03Z
Grey Dawn,338432757,0,,0-AllShips,37-Pleasure,-1,-1,15-NotDefined,0.1,1738679428,13,4,33.724203,-118.281538,2025-02-04T14:33:03Z
Adelante,338320694,0,,0-AllShips,36-Sailing,119.2,119.2,15-NotDefined,0,1738679456,20,5,33.975507,-118.449475,2025-02-04T14:33:03Z
Milan,338384148,0,,0-AllShips,37-Pleasure,-1,213.9,15-NotDefined,0,1738679492,6,3,34.405873,-119.690008,2025-02-04T14:33:03Z
Kokomo,367627850,0,WDH5426,0-AllShips,37-Pleasure,282.7,336.9,15-NotDefined,0,1738678939,11,4,33.84822,-118.397813,2025-02-04T14:33:03Z
Polariis,368006130,0,WDJ7377,0-AllShips,37-Pleasure,126.2,42.9,15-NotDefined,0,1738679481,22,7,33.612007,-117.926372,2025-02-04T14:33:03Z
Lola,338390977,0,,0-AllShips,37-Pleasure,151.3,19.1,15-NotDefined,0,1738679445,9,4,33.754092,-118.1126,2025-02-04T14:33:03Z
Vision,338492815,0,VISION,0-AllShips,37-Pleasure,97,329.3,15-NotDefined,0,1738679247,17,5,34.245833,-119.265365,2025-02-04T14:33:03Z
Starship Express,366768030,9198472,WCZ3442,0-AllShips,4-HSC,192.5,192.5,5-Moored,27.6,1738679562,41,11,33.592303,-118.212135,2025-02-04T14:33:03Z
Charisma,338108493,0,,0-AllShips,37-Pleasure,123.3,74.6,15-NotDefined,0,1738678827,12,5,33.610443,-117.895922,2025-02-04T14:33:03Z
Dolphin Ii,338208173,0,,0-AllShips,36-Sailing,218.4,104.9,15-NotDefined,0.1,1738679358,17,5,33.97277,-118.454913,2025-02-04T14:33:03Z
La Di Da,367642860,0,WDH6915,0-AllShips,36-Sailing,220,28.7,15-NotDefined,0,1738679488,14,5,33.973138,-118.455395,2025-02-04T14:33:03Z
Stay Or Leave,368344220,0,WDP3330,0-AllShips,37-Pleasure,-1,118.9,15-NotDefined,0,1738679223,19,5,33.725868,-118.076372,2025-02-04T14:33:03Z
One Modern,538004203,9475636,V7VS6,1-HazCatX,7-Cargo,34.6,82,5-Moored,0,1738679501,302,44,33.76641,-118.273227,2025-02-04T14:33:03Z
Fantasea One,367404860,0,WCZ2107,9-NoInfo,6-Passenger,-1,273.9,0-Underway(Engine),0,1738679340,27,10,33.983307,-118.455923,2025-02-04T14:33:03Z
Sallyann,368187720,0,,0-AllShips,37-Pleasure,-1,269.7,15-NotDefined,0,1738679070,18,6,33.62035,-117.926662,2025-02-04T14:33:03Z
Koinonia,338433185,0,,0-AllShips,37-Pleasure,355.5,189,15-NotDefined,0,1738679493,22,7,33.723053,-118.06686,2025-02-04T14:33:03Z
Windfall,338492818,0,,0-AllShips,36-Sailing,141,141,15-NotDefined,0,1738679489,10,4,33.982165,-118.446608,2025-02-04T14:33:03Z
Wilson,338108787,0,,0-AllShips,37-Pleasure,306.9,200.5,15-NotDefined,0.1,1738679453,11,3,34.404483,-119.691227,2025-02-04T14:33:03Z
Windfall,338321229,0,,0-AllShips,36-Sailing,273.5,339,15-NotDefined,0,1738679037,14,6,34.174195,-119.228292,2025-02-04T14:33:03Z
Vision,367041160,0,WSF4969,0-AllShips,34-Diving,231.6,273.1,15-NotDefined,0,1738679559,26,8,34.40813,-119.691718,2025-02-04T14:33:03Z
Happiness,368006740,0,WDL3684,0-AllShips,37-Pleasure,-1,190.3,15-NotDefined,0,1738679218,25,6,33.972813,-118.451465,2025-02-04T14:33:03Z
La Patrona,338391033,0,,0-AllShips,37-Pleasure,-1,353,15-NotDefined,0,1738679150,11,4,33.97964,-118.446582,2025-02-04T14:33:03Z
Life Is Grand,338208224,0,,0-AllShips,37-Pleasure,59.8,35.2,15-NotDefined,0,1738678851,13,4,33.97721,-118.453432,2025-02-04T14:33:03Z
Galadriel,367642960,0,WDH6924,0-AllShips,36-Sailing,33.4,239.7,15-NotDefined,0,1738679528,14,5,33.460063,-117.697563,2025-02-04T14:33:03Z
Libertas,368345680,0,WDP3461,0-AllShips,36-Sailing,-1,352,15-NotDefined,0,1738679313,15,8,33.720058,-118.279953,2025-02-04T14:33:03Z
Zebrina,366773480,0,WCZ5446,0-AllShips,37-Pleasure,15,25,15-NotDefined,0,1738679432,16,5,33.980678,-118.449118,2025-02-04T14:33:03Z
Package Deal,338321715,0,,0-AllShips,37-Pleasure,-1,206,15-NotDefined,0,1738679045,10,4,33.726947,-118.07577,2025-02-04T14:33:03Z
Celestra,368009120,0,,0-AllShips,36-Sailing,104.9,308.6,15-NotDefined,0,1738679095,13,7,34.16598,-119.223265,2025-02-04T14:33:03Z
Finn,368195940,0,WDM3290,0-AllShips,37-Pleasure,-1,246.4,15-NotDefined,0,1738679456,8,3,34.443838,-119.763665,2025-02-04T14:33:03Z
Golden Arion,538004434,9461336,V7XA3,0-AllShips,7-Cargo,285,285,0-Underway(Engine),9.2,1738679557,229,32,34.320363,-120.350215,2025-02-04T14:33:03Z
Happy Ours,338392019,0,,0-AllShips,37-Pleasure,252.8,127.8,15-NotDefined,0.1,1738679309,13,4,33.848723,-118.399027,2025-02-04T14:33:03Z
Frenchy,338438007,0,,0-AllShips,37-Pleasure,-1,-1,15-NotDefined,0,1738679459,10,4,34.404618,-119.691585,2025-02-04T14:33:03Z
Reel-lated,338109326,0,000000,0-AllShips,37-Pleasure,0,47.4,15-NotDefined,0,1738679432,13,5,33.981508,-118.449133,2025-02-04T14:33:03Z
Georgia Gayle,338209202,0,GEORGIA,0-AllShips,37-Pleasure,-1,190.1,15-NotDefined,0,1738679500,10,3,33.846418,-118.397105,2025-02-04T14:33:03Z
Ranger 85,367044250,0,WDC5643,0-AllShips,6-Passenger,-1,194.5,0-Underway(Engine),0,1738679442,0,0,34.240137,-119.261933,2025-02-04T14:33:03Z
Lucy Foss,367408930,1219510,WDE8734,0-AllShips,53-Tender,258.3,258.3,5-Moored,0.6,1738679447,20,7,33.907648,-118.44756,2025-02-04T14:33:03Z
Imagine,367644720,0,WDH7092,0-AllShips,36-Sailing,195.8,158.7,15-NotDefined,0,1738679167,14,4,33.97708,-118.450973,2025-02-04T14:33:03Z
Spica,338493409,0,,0-AllShips,37-Pleasure,-1,-1,15-NotDefined,0,1738679231,9,3,34.245723,-119.264902,2025-02-04T14:33:03Z
Lillian Foss,368010330,0,WDJ7811,0-AllShips,52-Tug,162.6,64,5-Moored,0,1738679503,28,10,33.770675,-118.212538,2025-02-04T14:33:03Z
Pacific Moon,368200240,0,WDM3761,0-AllShips,34-Diving,-1,-1,15-NotDefined,0,1738679462,16,6,33.723678,-118.280727,2025-02-04T14:33:03Z
We,368349940,0,WDP3939,0-AllShips,37-Pleasure,-1,-1,15-NotDefined,0,1738679445,27,6,34.244562,-119.262555,2025-02-04T14:33:03Z
George Ii,366791000,7729461,WFLH,0-AllShips,7-Cargo,65.4,76,5-Moored,0,1738679517,273,31,33.769625,-118.228107,2025-02-04T14:33:03Z
,211002010,0,,9-NoInfo,0-Unknown,149,336.3,15-NotDefined,0,1738679375,0,0,34.407147,-119.691623,2025-02-04T14:33:03Z
Palladio,338321972,0,,0-AllShips,37-Pleasure,268.4,68.5,15-NotDefined,0,1738679380,11,4,33.611785,-117.928173,2025-02-04T14:33:03Z
Emery Zidell,367646810,9767924,WDH7301,9-NoInfo,9-Other,286.1,285,0-Underway(Engine),8,1738679557,148,24,34.30765,-120.262262,2025-02-04T14:33:03Z
Willoughby,338440257,0,,0-AllShips,37-Pleasure,-1,340,15-NotDefined,0,1738679187,10,4,33.975788,-118.455477,2025-02-04T14:33:03Z
On Location,338115483,0,ON LOCA,0-AllShips,37-Pleasure,206.1,261.4,15-NotDefined,0,1738679460,0,0,34.167222,-119.22421,2025-02-04T14:33:03Z
Telesto,338209606,0,TELESTO,0-AllShips,37-Pleasure,114.5,353.1,15-NotDefined,0,1738679390,10,4,33.725282,-118.076025,2025-02-04T14:33:03Z
Pilot Boat Banning,367044560,0,WCT8646,0-AllShips,50-Pilot,158.6,291.8,15-NotDefined,0,1738679559,13,4,33.762835,-118.265608,2025-02-04T14:33:03Z
Taqah,538004833,9501174,V7ZI4,9-NoInfo,8-Tanker,183,282,1-AtAnchor,0.1,1738679520,333,60,33.62446,-118.07272,2025-02-04T14:33:03Z
Allure,338392038,0,,0-AllShips,36-Sailing,-1,20.4,15-NotDefined,0,1738679241,12,4,33.459868,-117.693928,2025-02-04T14:33:03Z
Blood Stripe,338493776,0,,0-AllShips,37-Pleasure,-1,348.2,15-NotDefined,0,1738679420,12,4,34.258722,-119.26692,2025-02-04T14:33:03Z
Lady Liberty,338323728,0,,0-AllShips,37-Pleasure,-1,-1,15-NotDefined,0,1738679441,11,3,34.404537,-119.690035,2025-02-04T14:33:03Z
Traveler,367417780,0,WDE9485,9-NoInfo,9-Other,187,236.6,5-Moored,0,1738679480,19,7,33.980608,-118.450055,2025-02-04T14:33:03Z
Blue Haven,368201590,0,WDM3911,0-AllShips,37-Pleasure,104.2,250,15-NotDefined,0,1738679481,11,4,34.405903,-119.690348,2025-02-04T14:33:03Z
Perfect Balance,338441458,0,,0-AllShips,37-Pleasure,232.9,297.8,15-NotDefined,0,1738679439,17,8,33.7197,-118.27979,2025-02-04T14:33:03Z
Grete Maersk,220397000,9302889,OYCY2,1-HazCatX,7-Cargo,310.1,251,5-Moored,0,1738679531,367,42,33.732647,-118.246183,2025-02-04T14:33:03Z
Rapallo,338116397,0,,0-AllShips,37-Pleasure,102.5,17.8,15-NotDefined,0,1738679497,0,0,33.610828,-117.923737,2025-02-04T14:33:03Z
Aurora,338210797,0,,0-AllShips,37-Pleasure,-1,-1,15-NotDefined,0.2,1738679519,16,4,34.406873,-119.689283,2025-02-04T14:33:03Z
Hattenuff,368011010,0,WDJ7882,0-AllShips,37-Pleasure,68.3,118.6,15-NotDefined,0,1738679534,15,5,33.719075,-118.279563,2025-02-04T14:33:03Z
,368349943,,,,,-1,-1,15-NotDefined,0,1738678197,,,34.245,-119.263333,2025-02-04T14:33:03Z
Seaduction,338392433,0,,0-AllShips,37-Pleasure,-1,34.2,15-NotDefined,0,1738679420,10,4,33.7614,-118.186073,2025-02-04T14:33:03Z
Serenity Now !,338494027,0,,0-AllShips,37-Pleasure,-1,92.1,15-NotDefined,0,1738679397,17,5,33.981137,-118.451462,2025-02-04T14:33:03Z
Islander,366813530,0,WDA4825,0-AllShips,6-Passenger,5.6,225.9,0-Underway(Engine),0,1738679108,20,7,34.24464,-119.264398,2025-02-04T14:33:03Z
John Henry,367647270,8978174,WDH7347,0-AllShips,39-Reserved,120.9,177,0-Underway(Engine),0,1738679087,33,8,34.335295,-119.614152,2025-02-04T14:33:03Z
Adagio,368350690,0,,0-AllShips,37-Pleasure,89.8,2.8,15-NotDefined,0.2,1738679408,15,5,33.724467,-118.07228,2025-02-04T14:33:03Z
Baywatch17,338118971,0,,0-AllShips,50-Pilot,229.4,93.5,15-NotDefined,0.1,1738679558,10,4,33.846985,-118.398513,2025-02-04T14:33:03Z
10 By 10,338324023,0,,0-AllShips,37-Pleasure,-1,-1,15-NotDefined,0,1738679246,0,0,33.615197,-117.902467,2025-02-04T14:33:03Z
Cleo_j_brusco,367071960,0,WDC7480,0-AllShips,52-Tug,242.8,242.8,0-Underway(Engine),0.5,1738679510,25,9,34.149623,-119.207917,2025-02-04T14:33:03Z
Felina,368204860,0,WDM4269,0-AllShips,37-Pleasure,-1,-1,15-NotDefined,0,1738679376,28,7,33.972973,-118.453875,2025-02-04T14:33:03Z
Alan,538004940,9528562,V7ZY2,0-AllShips,7-Cargo,156,261,1-AtAnchor,0.6,1738679516,229,32,33.706833,-118.1305,2025-02-04T14:33:03Z
Falkor,338444103,0,,0-AllShips,36-Sailing,-1,-1,15-NotDefined,0,1738679141,11,4,34.244612,-119.260847,2025-02-04T14:33:03Z
Mojito,338210835,0,,0-AllShips,36-Sailing,217.2,288.7,15-NotDefined,0,1738679454,12,6,33.975315,-118.454818,2025-02-04T14:33:03Z
Jackie C,367421980,0,WCZ4564,0-AllShips,6-Passenger,2,2,15-NotDefined,0.4,1738679545,30,8,34.390637,-120.120933,2025-02-04T14:33:03Z
Teresa Brusco,368019930,0,WDJ8801,0-AllShips,52-Tug,81.2,283,0-Underway(Engine),2.3,1738679389,24,10,34.148222,-119.20799,2025-02-04T14:33:03Z
Say Anything,338392591,0,,0-AllShips,37-Pleasure,133,266,15-NotDefined,0,1738679122,10,4,33.621317,-117.897067,2025-02-04T14:33:03Z
Hooker,366823250,0,WDA5733,0-AllShips,37-Pleasure,274.4,52.2,15-NotDefined,0,1738679417,14,4,33.721572,-118.281073,2025-02-04T14:33:03Z
Charly,227773360,0,FGF9550,0-AllShips,36-Sailing,320.4,291,15-NotDefined,0,1738679494,13,8,33.716538,-118.281505,2025-02-04T14:33:03Z
Susie Q,338326628,0,,0-AllShips,37-Pleasure,275.6,308.7,15-NotDefined,0.1,1738679126,19,5,33.748902,-118.114162,2025-02-04T14:33:03Z
Iver Foss,368351000,7638478,WYE6442,0-AllShips,31-Towing,107.6,246,5-Moored,0,1738679414,30,10,33.770452,-118.212842,2025-02-04T14:33:03Z
C To Sea,338392821,0,,0-AllShips,37-Pleasure,-1,296.4,15-NotDefined,0,1738679454,12,4,34.406528,-119.691732,2025-02-04T14:33:03Z
Solmates,338446155,0,,0-AllShips,37-Pleasure,-1,-1,15-NotDefined,0,1738679449,14,4,33.980042,-118.44703,2025-02-04T14:33:03Z
Makin Memories,338494581,0,,0-AllShips,37-Pleasure,-1,-1,15-NotDefined,0,1738679300,17,7,33.981062,-118.451845,2025-02-04T14:33:03Z
Cast-away 8,367647910,0,WDH7415,0-AllShips,37-Pleasure,58.1,58.1,15-NotDefined,0,1738679418,0,0,33.74807,-118.114302,2025-02-04T14:33:03Z
Blue Sky,368217390,0,WDM5594,0-AllShips,37-Pleasure,-1,-1,15-NotDefined,0,1738679423,12,5,33.608137,-117.900295,2025-02-04T14:33:03Z
Advantage Award,538006204,9470131,V7KZ9,0-AllShips,8-Tanker,76,260,1-AtAnchor,0.1,1738679415,249,44,33.696043,-118.133973,2025-02-04T14:33:03Z
Aurelia,338119263,0,WYB3011,0-AllShips,37-Pleasure,88,206.7,15-NotDefined,0,1738679409,12,4,34.249777,-119.26388,2025-02-04T14:33:03Z
Robin's Nest,338211221,0,,0-AllShips,37-Pleasure,-1,-1,15-NotDefined,0,1738679543,20,4,33.981847,-118.449593,2025-02-04T14:33:03Z
Knox T,367104040,0,WDC9569,9-NoInfo,0-Unknown,338.9,338,15-NotDefined,16.6,1738679559,32,6,33.633693,-118.167953,2025-02-04T14:33:03Z
H R Morris,367421990,0,WCZ5434,0-AllShips,33-Dredging,210.5,264.6,3-ResManoeuvre,0,1738679554,0,0,34.159258,-119.231477,2025-02-04T14:33:03Z
Janice Marie,338447844,0,,0-AllShips,36-Sailing,166.8,163.1,15-NotDefined,0,1738679540,12,4,33.76102,-118.1852,2025-02-04T14:33:03Z
New Del Mar,366855060,0,WDA8503,9-NoInfo,0-Unknown,9,0.6,15-NotDefined,0,1738679561,23,8,33.971943,-118.446558,2025-02-04T14:33:03Z
Cma Cgm Rigoletto,228354600,9299654,FMHR,1-HazCatX,7-Cargo,223.5,251,5-Moored,0,1738679536,349,43,33.7319,-118.257083,2025-02-04T14:33:03Z
Reel Inn,338327349,0,,0-AllShips,37-Pleasure,-1,161,15-NotDefined,0,1738679464,20,6,34.405807,-119.689905,2025-02-04T14:33:03Z
Some Tuesday,368021110,0,WDJ8919,0-AllShips,36-Sailing,178.7,178.7,15-NotDefined,0,1738679488,15,8,33.761422,-118.192288,2025-02-04T14:33:03Z
Idler,338392952,0,,0-AllShips,37-Pleasure,-1,-1,15-NotDefined,0,1738679450,10,3,33.846527,-118.395608,2025-02-04T14:33:03Z
Polar Drifter,338494694,0,,0-AllShips,30-Fishing,260.2,55.4,15-NotDefined,0,1738679099,12,12,34.243945,-119.263183,2025-02-04T14:33:03Z
Botany Bay,338120363,0,,0-AllShips,36-Sailing,-1,-1,5-Moored,0,1738679528,17,5,33.847073,-118.397307,2025-02-04T14:33:03Z
Foxi Lady,367649040,0,WDH7524,0-AllShips,37-Pleasure,-1,-1,15-NotDefined,0,1738679370,23,6,33.459248,-117.693835,2025-02-04T14:33:03Z
Gypsea,368221260,0,WDM6000,0-AllShips,36-Sailing,-1,144,15-NotDefined,0,1738679457,10,4,33.846702,-118.395828,2025-02-04T14:33:03Z
Marmac 304,368351350,0,WDP4105,9-NoInfo,0-Unknown,128.9,12,15-NotDefined,0,1738679563,90,46,33.745643,-118.224273,2025-02-04T14:33:03Z
Plans Change,338213723,0,,0-AllShips,37-Pleasure,337.3,249.2,15-NotDefined,0,1738679394,15,5,33.750883,-118.112692,2025-02-04T14:33:03Z
Sfl Sabine,538007465,9799874,V7PB3,0-AllShips,8-Tanker,308.3,268,1-AtAnchor,0,1738679542,250,44,33.687322,-118.14345,2025-02-04T14:33:03Z
Danger Bunny,338452133,0,,0-AllShips,37-Pleasure,-1,43,15-NotDefined,0,1738679432,11,3,34.40705,-119.6915,2025-02-04T14:33:03Z
Champ,338328451,0,,0-AllShips,37-Pleasure,-1,-1,15-NotDefined,0.1,1738679533,14,5,33.751195,-118.112383,2025-02-04T14:33:03Z
Ryan T,367104050,8982591,WDC9570,0-AllShips,6-Passenger,143,143,0-Underway(Engine),0.5,1738679553,31,8,34.404258,-119.69271,2025-02-04T14:33:03Z
Solstice,367423620,0,WDE9989,0-AllShips,37-Pleasure,182.5,262.2,15-NotDefined,0,1738679470,14,4,33.848143,-118.396518,2025-02-04T14:33:03Z
Shanti,367650950,0,WDH7719,0-AllShips,36-Sailing,138.2,242.7,15-NotDefined,0,1738679507,14,4,34.24378,-119.261593,2025-02-04T14:33:03Z
Lb Pilot Boat  Orion,368024740,0,WDJ9306,0-AllShips,50-Pilot,98.9,327.2,0-Underway(Engine),0,1738679557,21,6,33.747193,-118.215627,2025-02-04T14:33:03Z
Suenecito,338393177,0,,0-AllShips,37-Pleasure,52.9,270.5,15-NotDefined,0,1738678992,11,3,33.607282,-117.913253,2025-02-04T14:33:03Z
Todo Bien,338496245,0,,0-AllShips,37-Pleasure,294.3,83.3,15-NotDefined,0,1738679435,12,5,34.405642,-119.690512,2025-02-04T14:33:03Z
Pup,366870730,0,WDA9952,0-AllShips,33-Dredging,267.8,345,0-Underway(Engine),0.6,1738679543,0,0,34.159025,-119.231465,2025-02-04T14:33:03Z
Hsd-net-97%,232703015,0,,9-NoInfo,0-Unknown,1.9,342.1,15-NotDefined,0.1,1738678903,8,2,33.850228,-118.399533,2025-02-04T14:33:03Z
Lurline,338121000,9814600,KLUX,1-HazCatX,7-Cargo,85.9,84,0-Underway(Engine),21.2,1738679553,265,35,33.053947,-120.027237,2025-02-04T14:33:03Z
Mahal,368221650,0,WDM6041,0-AllShips,37-Pleasure,262.5,126,15-NotDefined,0,1738679538,13,4,33.606372,-117.903258,2025-02-04T14:33:03Z
Amandla,235032178,0,MLBG4,0-AllShips,36-Sailing,324.1,347.1,15-NotDefined,0,1738679522,14,3,34.173037,-119.22833,2025-02-04T14:33:03Z
Midnight Express 37,338213838,0,,0-AllShips,37-Pleasure,192.8,62.5,15-NotDefined,0,1738679183,10,4,33.97194,-118.451308,2025-02-04T14:33:03Z
Liberty,368356010,0,WDP4608,0-AllShips,37-Pleasure,-1,-1,15-NotDefined,0,1738678991,14,5,33.979638,-118.447185,2025-02-04T14:33:03Z
Pacific Coral,538009206,9893113,V7A4448,0-AllShips,8-Tanker,282.7,283,0-Underway(Engine),11.4,1738679328,250,44,33.743602,-120.771753,2025-02-04T14:33:03Z
Painkiller,338393719,0,,0-AllShips,36-Sailing,-1,-1,15-NotDefined,0,1738679416,16,6,33.980727,-118.451892,2025-02-04T14:33:03Z
Victoria,338454981,0,,0-AllShips,36-Sailing,-1,245.8,15-NotDefined,0,1738679456,15,5,33.975762,-118.449768,2025-02-04T14:33:03Z
Blue Sky,338328494,0,BLUESKY,0-AllShips,37-Pleasure,339.3,355.2,15-NotDefined,0,1738679520,17,4,33.719638,-118.278058,2025-02-04T14:33:03Z
Cub,367424810,0,WCZ5656,0-AllShips,52-Tug,190,171,15-NotDefined,0.1,1738679153,18,8,34.15912,-119.23128,2025-02-04T14:33:03Z
Pacific Star,367655170,0,WDH8150,0-AllShips,34-Diving,119.6,119.6,15-NotDefined,0,1738679454,22,8,33.72382,-118.280837,2025-02-04T14:33:03Z
Imagine,338496255,0,,0-AllShips,37-Pleasure,-1,146.4,15-NotDefined,0,1738679440,11,4,33.752157,-118.1096,2025-02-04T14:33:03Z
Aquila,235108582,1009962,2ICO9,9-NoInfo,9-Other,271.5,0,5-Moored,0,1738679486,86,14,33.971972,-118.44939,2025-02-04T14:33:03Z
Tenacity,338126674,0,,0-AllShips,36-Sailing,325.2,263.9,15-NotDefined,0,1738679430,17,4,33.719597,-118.278548,2025-02-04T14:33:03Z
As You Wish,338213842,0,,0-AllShips,37-Pleasure,203.1,48.3,15-NotDefined,0,1738679472,11,4,34.405133,-119.691595,2025-02-04T14:33:03Z
Alan T,367104060,0,WDC9571,9-NoInfo,1-Reserved,118.7,49,0-Underway(Engine),0.1,1738679561,33,8,34.38419,-119.507833,2025-02-04T14:33:03Z
Endless Venture,368031490,0,WDK2003,0-AllShips,37-Pleasure,171.1,107.8,5-Moored,0,1738679413,27,7,33.976198,-118.444242,2025-02-04T14:33:03Z
Mess Around,338455065,0,,0-AllShips,37-Pleasure,-1,315,15-NotDefined,0,1738679215,6,4,33.725763,-118.076227,2025-02-04T14:33:03Z
Endless Dreams,366872980,8975677,WDH2906,0-AllShips,6-Passenger,-1,42.9,0-Underway(Engine),0,1738679560,38,10,33.618265,-117.922237,2025-02-04T14:33:03Z
Cylon,368222710,0,KK6BWA,0-AllShips,37-Pleasure,220.6,318,15-NotDefined,0,1738679411,15,8,34.167617,-119.22349,2025-02-04T14:33:03Z
Saguaro,368386280,0,WDP7942,0-AllShips,36-Sailing,-1,-1,15-NotDefined,0,1738679458,13,8,33.974907,-118.449598,2025-02-04T14:33:03Z
Viking Sea,538009734,9515008,V7A5097,0-AllShips,7-Cargo,107.7,108,0-Underway(Engine),9.1,1738679562,167,28,34.06853,-119.385048,2025-02-04T14:33:03Z
Wine Knot,338393843,0,,0-AllShips,37-Pleasure,182,182,15-NotDefined,0,1738679521,12,4,33.719978,-118.281892,2025-02-04T14:33:03Z
It's Abow't Time,338328935,0,,0-AllShips,37-Pleasure,-1,-1,15-NotDefined,0.1,1738679219,12,4,33.46003,-117.70097,2025-02-04T14:33:03Z
Magna Carta,367427670,0,WDF2350,0-AllShips,37-Pleasure,283.2,45.4,0-Underway(Engine),0,1738679562,21,12,33.61068,-117.925775,2025-02-04T14:33:03Z
Sea Venture,367657060,0,WDH8347,0-AllShips,30-Fishing,355.7,303.7,15-NotDefined,0.1,1738679432,22,7,33.730895,-118.277412,2025-02-04T14:33:03Z
Worker The Plan,338498663,0,,0-AllShips,37-Pleasure,-1,-1,15-NotDefined,0,1738679018,13,4,33.60587,-117.885287,2025-02-04T14:33:03Z
Serenity,338127501,0,,0-AllShips,37-Pleasure,54.4,44.8,15-NotDefined,0,1738679442,7,3,33.751837,-118.111572,2025-02-04T14:33:03Z
Tt Amore,368032910,0,,0-AllShips,37-Pleasure,-1,-1,15-NotDefined,0,1738678863,23,6,33.61198,-117.901212,2025-02-04T14:33:03Z
Penalty Box,338455077,0,,0-AllShips,37-Pleasure,155.6,224,15-NotDefined,0,1738679459,15,5,33.751162,-118.112355,2025-02-04T14:33:03Z
Maria,241079000,9530890,SVBE9,0-AllShips,8-Tanker,44,284,1-AtAnchor,0,1738679527,274,48,33.609833,-118.029217,2025-02-04T14:33:03Z
Everlong,338214508,0,,0-AllShips,37-Pleasure,-1,-1,15-NotDefined,0.1,1738679113,17,5,33.983382,-118.45088,2025-02-04T14:33:03Z
Ledger T,367104070,8982541,WDC9572,0-AllShips,6-Passenger,231.7,160.5,0-Underway(Engine),0,1738679554,33,15,34.148443,-119.202168,2025-02-04T14:33:03Z
Barca Noastra,368037690,0,WDK2665,0-AllShips,37-Pleasure,-1,-1,15-NotDefined,0,1738679553,14,4,33.612483,-117.91399,2025-02-04T14:33:03Z
Saga,368223930,0,WDM6288,0-AllShips,36-Sailing,-1,-1,15-NotDefined,0,1738679411,12,4,33.753742,-118.112033,2025-02-04T14:33:03Z
Scarlet Fever,368391580,0,WDP8561,0-AllShips,36-Sailing,-1,107.6,15-NotDefined,0,1738679411,12,4,33.982268,-118.451408,2025-02-04T14:33:03Z
Huntress,338393998,0,,0-AllShips,37-Pleasure,-1,79.7,15-NotDefined,0,1738679420,10,4,33.610223,-117.895938,2025-02-04T14:33:03Z
Liebchen,338498785,0,,0-AllShips,37-Pleasure,253.2,250.9,15-NotDefined,0,1738679529,13,4,33.722393,-118.283117,2025-02-04T14:33:03Z
Exy Johnson,366886630,0,WDB3395,9-NoInfo,0-Unknown,-1,31.1,5-Moored,0,1738679091,30,6,33.73737,-118.278088,2025-02-04T14:33:03Z
Predator Ii,338329002,0,,0-AllShips,37-Pleasure,31.3,207.8,15-NotDefined,0,1738679406,13,6,33.767113,-118.251798,2025-02-04T14:33:03Z
Ruby D'eau,367657140,0,WDH8355,0-AllShips,36-Sailing,107.1,91.4,15-NotDefined,0,1738679048,17,5,33.97263,-118.455433,2025-02-04T14:33:03Z
Yasa Jasmine,538010512,9955636,V7A6153,0-AllShips,7-Cargo,75.2,68,0-Underway(Engine),0,1738679555,179,30,33.763208,-118.247797,2025-02-04T14:33:03Z
Pilar,338127967,0,,0-AllShips,37-Pleasure,119.2,109.6,15-NotDefined,0.1,1738679136,13,4,33.611203,-117.90108,2025-02-04T14:33:03Z
Sundowner,367431910,0,WDF2788,0-AllShips,30-Fishing,42.9,36.2,15-NotDefined,0,1738679413,0,2,34.403992,-119.692065,2025-02-04T14:33:03Z
Warrior 2,367660690,0,WDH8707,0-AllShips,37-Pleasure,151.2,359.8,15-NotDefined,0,1738679494,15,5,34.174245,-119.228388,2025-02-04T14:33:03Z
Tavish B.,368048380,0,WDK3754,0-AllShips,37-Pleasure,318.2,303,15-NotDefined,0,1738679436,12,4,33.75135,-118.110227,2025-02-04T14:33:03Z
Chios,241741000,9772113,SVDL4,0-AllShips,8-Tanker,150.3,270,1-AtAnchor,0.4,1738679415,274,48,33.6673,-118.123697,2025-02-04T14:33:03Z
Flying Dutchman-77%,338218167,0,,9-NoInfo,0-Unknown,64.7,196.1,15-NotDefined,0.1,1738679357,10,2,33.849155,-118.400453,2025-02-04T14:33:03Z
La Fireboat 2,368226970,9271535,WDM6642,0-AllShips,51-SAR,187.8,143.3,0-Underway(Engine),0,1738679554,32,8,33.740492,-118.278083,2025-02-04T14:33:03Z
Hau Tree,368394420,0,WDP8885,0-AllShips,9-Other,-1,283,5-Moored,-1,1738679130,33,8,33.611148,-117.923528,2025-02-04T14:33:03Z
Ag Moxie,338394286,0,,0-AllShips,37-Pleasure,-1,-1,15-NotDefined,0,1738678906,17,5,33.609543,-117.888447,2025-02-04T14:33:03Z
Sticker's Quicker,338456877,0,WUY6909,0-AllShips,37-Pleasure,-1,-1,15-NotDefined,0,1738679382,20,6,33.610342,-117.903823,2025-02-04T14:33:03Z
Overkill,338502768,0,,0-AllShips,37-Pleasure,59.3,250.8,15-NotDefined,0.2,1738679119,0,0,34.165993,-119.226183,2025-02-04T14:33:03Z
Jamie Ann,366892000,0,WDL5109,0-AllShips,52-Tug,211.3,67,0-Underway(Engine),0,1738679560,31,12,33.770792,-118.212195,2025-02-04T14:33:03Z
Miss September,338128375,0,,0-AllShips,37-Pleasure,179.8,284.2,15-NotDefined,0,1738679472,14,4,33.722333,-118.280973,2025-02-04T14:33:03Z
Liberty Call,338329178,0,,0-AllShips,37-Pleasure,-1,-1,15-NotDefined,0,1738679470,14,5,33.724833,-118.073068,2025-02-04T14:33:03Z
Peter Mac,367104080,8982979,WDC9573,0-AllShips,9-Other,55,55,0-Underway(Engine),0.3,1738679558,27,7,33.662507,-118.044858,2025-02-04T14:33:03Z
Sevillana,367663080,0,WDH8944,0-AllShips,36-Sailing,344,192.3,15-NotDefined,0,1738679186,13,4,34.246445,-119.262042,2025-02-04T14:33:03Z
Chief,338218665,0,,0-AllShips,37-Pleasure,129.5,319.1,15-NotDefined,0,1738679451,0,0,33.753358,-118.11182,2025-02-04T14:33:03Z
Imagine,367450790,0,WDF4347,0-AllShips,37-Pleasure,355.2,65.2,15-NotDefined,0,1738679501,17,5,33.609033,-117.920013,2025-02-04T14:33:03Z
Innamorata,368049880,0,WDK3905,0-AllShips,37-Pleasure,-1,-1,15-NotDefined,0,1738679514,72,18,33.614673,-117.914177,2025-02-04T14:33:03Z
Khojaly,538011350,9779018,V7A6997,0-AllShips,7-Cargo,157.4,286,1-AtAnchor,0,1738679548,180,30,33.734518,-118.150737,2025-02-04T14:33:03Z
Knot About You,338394625,0,,0-AllShips,37-Pleasure,353.2,13.5,15-NotDefined,0,1738679011,10,4,33.971963,-118.452653,2025-02-04T14:33:03Z
Solana,338459295,0,,0-AllShips,36-Sailing,-1,41,15-NotDefined,0.1,1738679556,14,4,33.846942,-118.396752,2025-02-04T14:33:03Z
Mamai 2,338503919,0,NONE,0-AllShips,37-Pleasure,-1,-1,15-NotDefined,0,1738679562,12,4,33.752613,-118.110378,2025-02-04T14:33:03Z
C Tiger,249032000,9583706,9HA6074,0-AllShips,7-Cargo,286.9,285,0-Underway(Engine),9.2,1738679559,181,30,34.132717,-119.515558,2025-02-04T14:33:03Z
Paramethia,367663340,0,WDN2106,0-AllShips,36-Sailing,-1,-1,15-NotDefined,0.2,1738679543,11,4,33.850742,-118.397787,2025-02-04T14:33:03Z
Class Action,338130192,0,,0-AllShips,37-Pleasure,49.3,183.8,15-NotDefined,0,1738679421,13,5,33.983085,-118.447907,2025-02-04T14:33:03Z
Magari!,338330108,0,,0-AllShips,36-Sailing,-1,8.5,15-NotDefined,0,1738679539,0,0,33.977182,-118.449503,2025-02-04T14:33:03Z
Laguna,367452280,0,WDL6144,0-AllShips,52-Tug,222.8,222.8,0-Underway(Engine),6.3,1738679366,60,19,33.253187,-118.312508,2025-02-04T14:33:03Z
Morosao,368230140,0,WDM7015,0-AllShips,36-Sailing,-1,66.5,15-NotDefined,0,1738679430,17,5,33.979135,-118.447195,2025-02-04T14:33:03Z
Pamela,368399960,0,WDP9514,0-AllShips,37-Pleasure,103.9,253.4,15-NotDefined,0,1738679057,21,6,33.618548,-117.927797,2025-02-04T14:33:03Z
Xanidew,338394819,0,,0-AllShips,37-Pleasure,-1,-1,15-NotDefined,0.1,1738679464,9,3,33.461022,-117.70087,2025-02-04T14:33:03Z
Shared Dream,366892470,0,WDB3892,0-AllShips,37-Pleasure,-1,324,15-NotDefined,0,1738679330,13,5,33.460582,-117.697397,2025-02-04T14:33:03Z
Bounty,338218673,0,,0-AllShips,37-Pleasure,186,351.5,15-NotDefined,0,1738679247,14,6,33.61817,-117.921997,2025-02-04T14:33:03Z
Gloria Marie,367108530,0,WU2569,0-AllShips,30-Fishing,62,338.2,15-NotDefined,0,1738679400,0,0,34.403627,-119.692227,2025-02-04T14:33:03Z
Gentleman,368052510,0,WDK4166,0-AllShips,6-Passenger,200.9,9.5,15-NotDefined,0,1738679528,8,4,34.163637,-119.223107,2025-02-04T14:33:03Z
Aphrodite,538070427,0,  V7NN2,0-AllShips,9-Other,161.7,236,5-Moored,0,1738679492,39,8,33.613858,-117.904873,2025-02-04T14:33:03Z
Motley Crew,338459889,0,,0-AllShips,37-Pleasure,-1,221,15-NotDefined,0,1738679513,11,3,34.40427,-119.691618,2025-02-04T14:33:03Z
Orca,338505506,0,,0-AllShips,37-Pleasure,-1,49.1,15-NotDefined,0,1738679400,18,5,33.725605,-118.071583,2025-02-04T14:33:03Z
M/v La Mer,367666020,0,WDH9236,0-AllShips,9-Other,0,0,15-NotDefined,0,1738679292,0,0,33.972407,-118.446627,2025-02-04T14:33:03Z
Banyan Sea,368401750,0,WDP9753,0-AllShips,37-Pleasure,-1,-1,15-NotDefined,0,1738679515,0,0,33.721147,-118.27812,2025-02-04T14:33:03Z
Costa Fortuna,338394826,0,,0-AllShips,37-Pleasure,-1,161,15-NotDefined,0,1738679380,18,2,34.253252,-119.265638,2025-02-04T14:33:03Z
Island Adventure,366899260,0,WDG9106,0-AllShips,6-Passenger,1,240.8,0-Underway(Engine),0,1738679359,20,7,34.244593,-119.26465,2025-02-04T14:33:03Z
Nordindependence,255806059,9783019,CQIS9,0-AllShips,8-Tanker,119.9,281,1-AtAnchor,0,1738679426,236,44,33.704458,-118.158083,2025-02-04T14:33:03Z
The Rodfather,338130902,0,,0-AllShips,37-Pleasure,-1,-1,15-NotDefined,0,1738679546,10,3,34.246552,-119.26384,2025-02-04T14:33:03Z
Reel Energy,338223624,0,,0-AllShips,37-Pleasure,153,354.1,15-NotDefined,0,1738679135,14,6,33.615093,-117.90417,2025-02-04T14:33:03Z
Ohana,338330532,0,,0-AllShips,37-Pleasure,-1,290.5,15-NotDefined,0.1,1738679472,18,5,34.407075,-119.689447,2025-02-04T14:33:03Z
Coop De Ville,367669070,0,WDH 953,0-AllShips,37-Pleasure,304.5,252.3,15-NotDefined,0.1,1738679426,5,4,33.460248,-117.694187,2025-02-04T14:33:03Z
Sea Patron,368056830,0,WDK4600,0-AllShips,37-Pleasure,147,269.7,15-NotDefined,0,1738679504,0,0,33.61822,-117.927607,2025-02-04T14:33:03Z
Jack,368234140,0,WDM7453,0-AllShips,37-Pleasure,223,88.2,15-NotDefined,0,1738679221,20,6,34.169073,-119.222503,2025-02-04T14:33:03Z
Tardis,367110020,0,WDD2030,0-AllShips,36-Sailing,0,305.7,15-NotDefined,0,1738679419,12,5,33.977973,-118.446012,2025-02-04T14:33:03Z
Sea Wave,367457870,0,WDF4968,0-AllShips,30-Fishing,263.7,137,15-NotDefined,0.9,1738679426,26,7,33.471858,-118.608288,2025-02-04T14:33:03Z
Scilla,338395119,0,,0-AllShips,37-Pleasure,-1,111,15-NotDefined,0,1738679169,11,3,33.46152,-117.702548,2025-02-04T14:33:03Z
Go Figure,338463968,0,,0-AllShips,37-Pleasure,346.6,41.7,15-NotDefined,0.1,1738679470,14,4,34.406028,-119.690195,2025-02-04T14:33:03Z
Rapunzel,338506431,0,,0-AllShips,36-Sailing,-1,155.1,15-NotDefined,0,1738679561,10,4,33.845812,-118.396788,2025-02-04T14:33:03Z
City Lights,338224785,0,,0-AllShips,37-Pleasure,165.6,99.4,15-NotDefined,0,1738678936,0,0,33.972157,-118.453305,2025-02-04T14:33:03Z
Half Moon,367669230,0,,0-AllShips,36-Sailing,-1,359,15-NotDefined,0,1738678928,14,4,33.460857,-117.701143,2025-02-04T14:33:03Z
Kin Ship,368064650,0,WDK5421,0-AllShips,37-Pleasure,-1,143.2,15-NotDefined,0,1738679563,26,6,33.723715,-118.279432,2025-02-04T14:33:03Z
Desire,368235320,0,WDM7573,0-AllShips,37-Pleasure,-1,2,15-NotDefined,0,1738679430,15,14,34.170005,-119.222328,2025-02-04T14:33:03Z
Lady Helvetia,368457000,0,WDM8556,0-AllShips,36-Sailing,-1,-1,15-NotDefined,0.8,1738679539,14,4,33.773493,-118.24671,2025-02-04T14:33:03Z
Bellissima,538070539,0,V7PQ3,0-AllShips,37-Pleasure,308.3,340.1,15-NotDefined,0,1738679367,39,7,33.614668,-117.914483,2025-02-04T14:33:03Z
Sea Venture,303422000,9347413,WDC5952,0-AllShips,9-Other,77.8,357,5-Moored,0,1738679430,106,21,34.15224,-119.209925,2025-02-04T14:33:03Z
C-hawk,338134127,0,,0-AllShips,37-Pleasure,99.3,128,15-NotDefined,0,1738679077,7,3,33.979938,-118.450013,2025-02-04T14:33:03Z
Blue Nose,338332364,0,,0-AllShips,37-Pleasure,250.4,33.5,15-NotDefined,0,1738679496,10,4,33.765648,-118.113075,2025-02-04T14:33:03Z
Sans Souci,367462550,0,WDF5384,0-AllShips,36-Sailing,339.1,81.5,15-NotDefined,0,1738679426,10,3,34.166837,-119.225,2025-02-04T14:33:03Z
Mauretania,367672140,0,WDH9845,0-AllShips,6-Passenger,135.1,178.8,15-NotDefined,0,1738679562,25,6,33.723513,-118.280437,2025-02-04T14:33:03Z
Odessa,338395124,0,,0-AllShips,37-Pleasure,-1,45.9,15-NotDefined,0,1738679487,10,3,33.759743,-118.187342,2025-02-04T14:33:03Z
El Patron,366915000,0,WDN6365,0-AllShips,6-Passenger,-1,-1,15-NotDefined,0,1738679492,14,4,33.772735,-118.20838,2025-02-04T14:33:03Z
Maggie,338225043,0,,0-AllShips,37-Pleasure,139.2,199.7,15-NotDefined,0,1738679500,13,6,33.46025,-117.701103,2025-02-04T14:33:03Z
Last Dance,338335196,0,,0-AllShips,37-Pleasure,225,241.7,15-NotDefined,0,1738679389,0,0,33.759065,-118.187868,2025-02-04T14:33:03Z
4-pack,367120470,0,WDD2832,0-AllShips,37-Pleasure,-1,167.2,15-NotDefined,0,1738679506,14,4,33.722417,-118.281347,2025-02-04T14:33:03Z
Atlantic M,563172100,9907237,9V3514,0-AllShips,8-Tanker,185,269,5-Moored,0,1738679555,274,48,33.904328,-118.451238,2025-02-04T14:33:03Z
Kolohe,338466098,0,,0-AllShips,36-Sailing,292,85.2,15-NotDefined,0,1738679232,16,9,33.979775,-118.442812,2025-02-04T14:33:03Z
Sea Lily,338137334,0,,0-AllShips,37-Pleasure,0,0,15-NotDefined,0,1738679480,13,3,33.76301,-118.11619,2025-02-04T14:33:03Z
Ava Foss,367467120,0,WDF5779,0-AllShips,6-Passenger,167.5,340.1,5-Moored,0,1738679534,18,4,33.841812,-118.392157,2025-02-04T14:33:03Z
Go Beyond,368237190,9622655,WDM7781,0-AllShips,7-Cargo,283.3,191,0-Underway(Engine),0,1738679553,55,15,33.746017,-118.224717,2025-02-04T14:33:03Z
C Hero,368530000,9271705,WDP3837,9-NoInfo,9-Other,91.3,179,5-Moored,0,1738679004,79,17,34.149047,-119.206302,2025-02-04T14:33:03Z
Blue Aweigh,338506574,0,,0-AllShips,37-Pleasure,25.4,89,15-NotDefined,0,1738679446,14,5,33.977197,-118.454698,2025-02-04T14:33:03Z
Sarah Avrick,303466000,0,WDL7424,0-AllShips,52-Tug,246.6,207,0-Underway(Engine),0,1738679555,30,10,33.763615,-118.257002,2025-02-04T14:33:03Z
Sweet Freedom,338225409,0,,0-AllShips,37-Pleasure,239.2,99.4,15-NotDefined,0,1738679555,13,4,33.757308,-118.18729,2025-02-04T14:33:03Z
Lindy,368069000,0,WDH5627,0-AllShips,36-Sailing,180.1,180.1,15-NotDefined,1.1,1738679145,22,6,33.977463,-118.455187,2025-02-04T14:33:03Z
Tiki Tack,338395826,0,,0-AllShips,37-Pleasure,-1,-1,15-NotDefined,0,1738679276,12,3,34.244723,-119.26208,2025-02-04T14:33:03Z
Sun Spirit,366921510,9085821,WDM6450,0-AllShips,31-Towing,323,107,5-Moored,0,1738679503,37,10,33.754013,-118.270778,2025-02-04T14:33:03Z
Kala,338337392,0,,0-AllShips,37-Pleasure,-1,-1,15-NotDefined,1.2,1738679485,0,0,34.406,-119.689005,2025-02-04T14:33:03Z
R Mantasea,367467650,0,WDK8357,0-AllShips,36-Sailing,22,-1,15-NotDefined,0,1738679443,14,8,34.16672,-119.224622,2025-02-04T14:33:03Z
Tuamotu,367676070,0,WDI2235,0-AllShips,36-Sailing,320.9,299.6,15-NotDefined,0,1738679534,12,4,33.751893,-118.10996,2025-02-04T14:33:03Z
Ranger,368926530,9842231,NRGR,0-AllShips,4-HSC,180.5,269,5-Moored,0,1738679546,57,10,34.151513,-119.207815,2025-02-04T14:33:03Z
Wan Hai 356,563176800,9554078,9V7385,1-HazCatX,7-Cargo,120.5,90,5-Moored,0,1738679457,204,35,33.736722,-118.192772,2025-02-04T14:33:03Z
Family Affair,338466961,0,,0-AllShips,37-Pleasure,352.4,22.4,15-NotDefined,0,1738679447,13,6,33.728287,-118.060162,2025-02-04T14:33:03Z
The King Fish,338138147,0,ABC1234,0-AllShips,30-Fishing,359.9,244.1,15-NotDefined,0,1738679190,10,3,33.976208,-118.443658,2025-02-04T14:33:03Z
Ben Cheramie,367124980,9271200,WDK5426,0-AllShips,7-Cargo,207.5,135.8,0-Underway(Engine),0,1738679560,46,14,33.734508,-118.270757,2025-02-04T14:33:03Z
Cherry,368069570,0,WDK5924,0-AllShips,37-Pleasure,198.1,331.5,15-NotDefined,0,1738679138,22,6,33.459067,-117.69599,2025-02-04T14:33:03Z
Althea,338396669,0,,0-AllShips,36-Sailing,341.5,328.6,15-NotDefined,0,1738679472,10,4,33.71954,-118.28156,2025-02-04T14:33:03Z
Waterbase,338467107,0,,0-AllShips,30-Fishing,-1,-1,15-NotDefined,0,1738679449,20,4,33.458723,-117.694445,2025-02-04T14:33:03Z
Tortuga,338513765,0,,0-AllShips,37-Pleasure,205.1,70,15-NotDefined,0,1738679483,22,6,33.720953,-118.279028,2025-02-04T14:33:03Z
Fighting Irish,338226227,0,,0-AllShips,37-Pleasure,141,141,15-NotDefined,0,1738679472,12,4,33.765393,-118.122268,2025-02-04T14:33:03Z
Monkey Biz,367468890,0,WDF5938,0-AllShips,37-Pleasure,0,0,15-NotDefined,0,1738678945,20,8,33.614353,-117.913602,2025-02-04T14:33:03Z
Journey,368238060,0,WDM7871,0-AllShips,37-Pleasure,-1,-1,15-NotDefined,0.6,1738679310,17,4,33.60628,-117.884687,2025-02-04T14:33:03Z
Tim Quigg,366926740,8987917,WDB6570,0-AllShips,52-Tug,312.7,123,0-Underway(Engine),0,1738679557,0,0,33.729683,-118.276633,2025-02-04T14:33:03Z
Polaris Voyager,311000112,9665748,C6AP4,0-AllShips,8-Tanker,86.3,88,0-Underway(Engine),7.9,1738679086,276,48,33.091762,-118.305407,2025-02-04T14:33:03Z
Bella Vita,338338181,0,,0-AllShips,36-Sailing,114.7,356.6,15-NotDefined,0,1738679507,10,4,33.980782,-118.450048,2025-02-04T14:33:03Z
El Tigre,367678390,0,WDI2461,9-NoInfo,0-Unknown,231,227,0-Underway(Engine),0,1738679043,22,6,33.613622,-117.924755,2025-02-04T14:33:03Z
Admiral Xl,368073410,0,WDK6320,0-AllShips,37-Pleasure,165.9,174.2,15-NotDefined,0.2,1738679235,36,8,33.970155,-118.449693,2025-02-04T14:33:03Z
Papa Moku,338467114,0,,0-AllShips,36-Sailing,281,190.8,15-NotDefined,0,1738679489,12,4,33.720827,-118.2808,2025-02-04T14:33:03Z
Cast Away,338139535,0,WDA2202,0-AllShips,37-Pleasure,-1,-1,15-NotDefined,0,1738679390,16,3,34.168585,-119.222445,2025-02-04T14:33:03Z
Wyatt M,367492920,8978710,WDF8246,9-NoInfo,0-Unknown,169,10,15-NotDefined,0.1,1738679557,31,8,33.735058,-118.270617,2025-02-04T14:33:03Z
Palm To Palm,368238130,0,WDM7878,0-AllShips,37-Pleasure,-1,-1,15-NotDefined,0,1738679266,16,4,33.459697,-117.695713,2025-02-04T14:33:03Z
Mariner,368926666,0,NMRN,0-AllShips,4-HSC,174.9,270,5-Moored,0,1738679450,59,10,34.151525,-119.206942,2025-02-04T14:33:03Z
Cs Trust,566049000,9438511,9V9353,0-AllShips,7-Cargo,63,344,5-Moored,0,1738679526,163,26,33.723983,-118.275717,2025-02-04T14:33:03Z
Blue Norther,338397741,0,,0-AllShips,36-Sailing,223,267,15-NotDefined,0,1738678729,13,4,33.978127,-118.452827,2025-02-04T14:33:03Z
Icanus,338513979,0,,0-AllShips,37-Pleasure,-1,-1,15-NotDefined,0,1738679035,8,2,33.609293,-117.909235,2025-02-04T14:33:03Z
Hot Rail,338226906,0,,0-AllShips,37-Pleasure,89.8,242,15-NotDefined,0,1738679217,13,4,33.460733,-117.698137,2025-02-04T14:33:03Z
Raptor,367130890,0,WDD3412,0-AllShips,34-Diving,194.2,190,15-NotDefined,0,1738679434,15,5,34.24112,-119.26392,2025-02-04T14:33:03Z
,368073670,0,,0-AllShips,37-Pleasure,132.5,31.8,15-NotDefined,0,1738679554,0,0,33.619512,-117.924773,2025-02-04T14:33:03Z
Fish Two,338140284,0,WAM8729,0-AllShips,34-Diving,219.7,219.7,15-NotDefined,0.7,1738679470,7,2,34.407815,-119.843463,2025-02-04T14:33:03Z
Tuna Melt,338339572,0,,0-AllShips,37-Pleasure,-1,-1,15-NotDefined,0.2,1738679398,14,5,33.604225,-117.887748,2025-02-04T14:33:03Z
Grateful,368238310,0,WDM7895,0-AllShips,37-Pleasure,-1,67,15-NotDefined,0,1738679426,14,4,33.757702,-118.185792,2025-02-04T14:33:03Z
Aeronautical,338468221,0,,0-AllShips,37-Pleasure,358.3,262,15-NotDefined,0,1738679426,13,4,33.721518,-118.281062,2025-02-04T14:33:03Z
Ramble On,338514261,0,,0-AllShips,37-Pleasure,-1,338.5,15-NotDefined,0.1,1738679303,15,4,34.242938,-119.262302,2025-02-04T14:33:03Z
Echoes,366927930,0,WDB6636,0-AllShips,37-Pleasure,260,68.7,5-Moored,0,1738679503,30,8,33.613337,-117.92462,2025-02-04T14:33:03Z
Rcc Shanghai,311003600,9361823,C6XA5,0-AllShips,7-Cargo,59.9,325,1-AtAnchor,0,1738679367,176,32,34.109872,-119.207595,2025-02-04T14:33:03Z
Sea Guardian,338140889,0,WTT9665,0-AllShips,34-Diving,269.1,273.2,15-NotDefined,0,1738679554,16,5,33.770042,-118.212358,2025-02-04T14:33:03Z
Refuge Kate,338227318,0,KM6KQA,0-AllShips,36-Sailing,301.5,186.9,15-NotDefined,0,1738679385,15,4,34.163112,-119.225538,2025-02-04T14:33:03Z
Fireboat 4,367133910,0,WS 9087,0-AllShips,51-SAR,311.1,129,0-Underway(Engine),0.2,1738679563,22,8,33.765507,-118.255662,2025-02-04T14:33:03Z
Rising Star,367678730,0,WDI2492,0-AllShips,30-Fishing,197.3,57.6,15-NotDefined,0,1738678999,18,6,34.242815,-119.264413,2025-02-04T14:33:03Z
R/v Sally Ride,369140000,9695171,WSAF,0-AllShips,9-Other,287.6,286,3-ResManoeuvre,7.7,1738679476,75,15,32.814625,-118.945765,2025-02-04T14:33:03Z
Aqualiberty,636015174,9592226,A8ZC3,9-NoInfo,8-Tanker,25.4,299,1-AtAnchor,0,1738679525,249,44,33.627488,-118.049352,2025-02-04T14:33:03Z
Nauti Skye,338397951,0,,0-AllShips,37-Pleasure,-1,357.8,15-NotDefined,0,1738679406,17,6,33.762612,-118.183468,2025-02-04T14:33:03Z
Miller Time,338339764,0,,0-AllShips,37-Pleasure,193.2,69.6,15-NotDefined,0,1738679437,15,4,33.722425,-118.279012,2025-02-04T14:33:03Z
Thalassa,367506190,0,WDF9539,0-AllShips,36-Sailing,313.4,104.8,15-NotDefined,0,1738679406,16,5,33.724275,-118.281552,2025-02-04T14:33:03Z
Cabrillo,368076520,0,,0-AllShips,37-Pleasure,309,309.5,15-NotDefined,0,1738679492,12,5,33.72448,-118.282455,2025-02-04T14:33:03Z
Gitana,338228393,0,,0-AllShips,37-Pleasure,316.2,227.3,15-NotDefined,0,1738679471,23,6,34.40572,-119.68984,2025-02-04T14:33:03Z
Elisa,368242740,0,WDM8377,0-AllShips,37-Pleasure,67.2,87,15-NotDefined,0,1738679227,17,6,33.753582,-118.114515,2025-02-04T14:33:03Z
Cielo,338468255,0,,0-AllShips,37-Pleasure,101.2,0,15-NotDefined,0,1738679224,13,4,34.186387,-119.223217,2025-02-04T14:33:03Z
Amada,338514896,0,AMADA,0-AllShips,37-Pleasure,-1,105,15-NotDefined,0,1738679484,17,4,33.620375,-117.92848,2025-02-04T14:33:03Z
Islander Expresss,366943970,8967876,WCJ6211,0-AllShips,4-HSC,-1,323.2,0-Underway(Engine),0,1738679555,24,8,33.459945,-117.691682,2025-02-04T14:33:03Z
Lela Franco,367678850,101258229,WDI2504,0-AllShips,9-Other,51.7,81,5-Moored,0.1,1738679496,24,10,33.90811,-118.450042,2025-02-04T14:33:03Z
Polar Discovery,369272000,9206114,WACW,0-AllShips,8-Tanker,277.4,274,0-Underway(Engine),10.4,1738679558,273,46,33.743483,-119.934983,2025-02-04T14:33:03Z
Yachtzee,338397967,0,,0-AllShips,37-Pleasure,46.4,289.1,15-NotDefined,0,1738679174,21,6,33.610773,-117.926053,2025-02-04T14:33:03Z
Penta-gon,338516751,0,,0-AllShips,37-Pleasure,-1,83.2,15-NotDefined,0,1738679330,0,0,33.758938,-118.185125,2025-02-04T14:33:03Z
Front Row,319127100,0,ZCXH6,0-AllShips,37-Pleasure,71,273,5-Moored,0,1738679390,29,7,33.611645,-117.904247,2025-02-04T14:33:03Z
Nuevo,338142675,0,,0-AllShips,37-Pleasure,149.2,289.2,15-NotDefined,0,1738679472,20,6,33.622337,-117.89561,2025-02-04T14:33:03Z
The Rude Girl,338340003,0,,0-AllShips,37-Pleasure,-1,-1,15-NotDefined,0.1,1738679241,16,5,33.972148,-118.451847,2025-02-04T14:33:03Z
Kestrel,367137240,0,WDM6854,0-AllShips,37-Pleasure,-1,179,15-NotDefined,0,1738679420,11,2,33.75194,-118.111442,2025-02-04T14:33:03Z
Db Salta Verde,367507960,0,WDF9705,0-AllShips,9-Other,201.5,149.7,5-Moored,0,1738679392,56,15,33.754587,-118.223965,2025-02-04T14:33:03Z
My Sunseaker,368079770,0,WDK6954,0-AllShips,37-Pleasure,120.8,255.8,15-NotDefined,0,1738679430,24,5,34.254555,-119.263282,2025-02-04T14:33:03Z
Ym Modesty,636016242,9664885,D5FE7,0-AllShips,7-Cargo,18.7,197,5-Moored,0.1,1738679392,292,40,33.760607,-118.273482,2025-02-04T14:33:03Z
Ecore,338398811,0,ENCORE,0-AllShips,37-Pleasure,-1,15.1,15-NotDefined,0,1738679042,11,6,33.609712,-117.895015,2025-02-04T14:33:03Z
Mulan,338468693,0,,0-AllShips,36-Sailing,-1,165,15-NotDefined,0,1738679501,10,3,33.845808,-118.395675,2025-02-04T14:33:03Z
Refuge,338228516,0,,0-AllShips,37-Pleasure,249.8,241.6,15-NotDefined,0,1738679202,19,6,33.614157,-117.904388,2025-02-04T14:33:03Z
Belinda Brusco,368084230,0,WDK7413,0-AllShips,31-Towing,186.3,265,5-Moored,0,1738679415,20,8,34.148733,-119.201817,2025-02-04T14:33:03Z
Seven Thunders,368243370,0,WDM8448,0-AllShips,37-Pleasure,2,273,15-NotDefined,0,1738679554,0,0,33.761053,-118.19177,2025-02-04T14:33:03Z
Wild Hare,338400762,0,XXXXXXX,0-AllShips,37-Pleasure,281.8,108,15-NotDefined,0,1738678971,12,4,33.619837,-117.89404,2025-02-04T14:33:03Z
Vento,338143134,0,,0-AllShips,36-Sailing,104.9,295.4,15-NotDefined,0,1738679484,11,4,33.76132,-118.18612,2025-02-04T14:33:03Z
Ruby J,367683830,0,WDI2989,0-AllShips,38-Reserved,202.4,202.4,0-Underway(Engine),14.4,1738679559,23,6,33.606608,-118.135437,2025-02-04T14:33:03Z
Dark Side,338518741,0,,0-AllShips,37-Pleasure,-1,82.6,15-NotDefined,0,1738679409,12,4,33.75187,-118.110297,2025-02-04T14:33:03Z
Eagle,366978690,8661654,WBP2187,0-AllShips,31-Towing,356.3,251,5-Moored,0,1738679442,33,10,33.730975,-118.261338,2025-02-04T14:33:03Z
Solstice,338228692,0,,0-AllShips,36-Sailing,352.3,123.9,15-NotDefined,0,1738679512,14,4,33.981303,-118.447315,2025-02-04T14:33:03Z
S/v Surprise,338345406,0,,0-AllShips,36-Sailing,-1,-1,15-NotDefined,0.1,1738679185,12,4,34.24764,-119.265585,2025-02-04T14:33:03Z
Maria,367510010,0,WDF9901,0-AllShips,37-Pleasure,-1,258.8,15-NotDefined,0,1738679539,23,6,33.720557,-118.278912,2025-02-04T14:33:03Z
Manukai,369296000,9244130,WRGD,1-HazCatX,7-Cargo,131.3,43,5-Moored,0,1738679546,217,32,33.7414,-118.194653,2025-02-04T14:33:03Z
Reel Particular,338401939,0,,0-AllShips,37-Pleasure,-1,170.3,15-NotDefined,0,1738679413,14,4,33.7249,-118.073143,2025-02-04T14:33:03Z
Evolo,338471556,0,,0-AllShips,36-Sailing,302.4,255.7,15-NotDefined,0,1738679494,5,1,33.724343,-118.28136,2025-02-04T14:33:03Z
Tiburon,338010967,0,,0-AllShips,37-Pleasure,303.1,346.4,15-NotDefined,0,1738679129,12,4,34.167063,-119.223288,2025-02-04T14:33:03Z
Outward Bound,367152940,0,WDD5046,0-AllShips,37-Pleasure,199.9,194,5-Moored,0,1738679412,15,6,33.45887,-117.695198,2025-02-04T14:33:03Z
Star Lambada,636017386,9719551,D5KQ7,0-AllShips,7-Cargo,109.3,306,1-AtAnchor,0,1738679516,229,32,33.736295,-118.215907,2025-02-04T14:33:03Z
Baywatch11,338145686,0,,9-NoInfo,0-Unknown,100.9,96.8,15-NotDefined,0,1738679557,0,0,33.726258,-118.269048,2025-02-04T14:33:03Z
Delta Teresa,368084540,0,WDK7444,0-AllShips,52-Tug,243.7,38,0-Underway(Engine),0.6,1738679563,28,10,33.775143,-118.21354,2025-02-04T14:33:03Z
My Bonnie,368243890,0,WDM8507,0-AllShips,37-Pleasure,-1,-1,15-NotDefined,0,1738679512,22,6,33.982772,-118.451378,2025-02-04T14:33:03Z
Kelani,338519276,0,,0-AllShips,37-Pleasure,-1,344.3,15-NotDefined,0,1738679451,15,4,33.762303,-118.182942,2025-02-04T14:33:03Z
Pelican,338230343,0,,0-AllShips,36-Sailing,-1,223.5,15-NotDefined,0,1738679392,12,4,33.751607,-118.110377,2025-02-04T14:33:03Z
Lydie,338347484,0,,0-AllShips,37-Pleasure,-1,-1,15-NotDefined,0,1738679065,15,0,33.459755,-117.693712,2025-02-04T14:33:03Z
Ken Yo,353579000,9547154,H9UU,0-AllShips,7-Cargo,86.8,89,0-Underway(Engine),11.7,1738679012,185,31,34.461367,-121.242503,2025-02-04T14:33:03Z
Rising Sun,357977000,9700574,3ERF8,0-AllShips,7-Cargo,335.1,335,0-Underway(Engine),11.8,1738679415,180,28,33.713435,-121.219092,2025-02-04T14:33:03Z
Cg47231,366999858,0,,0-AllShips,51-SAR,211,126.8,0-Underway(Engine),0,1738679546,14,4,35.370845,-120.858455,2025-02-04T14:33:03Z
Cg47280,366999859,0,,0-AllShips,51-SAR,216.3,216.3,0-Underway(Engine),4.7,1738679441,14,4,35.362448,-120.868598,2025-02-04T14:33:03Z
Souvenir,368320160,0,WDD7936,0-AllShips,37-Pleasure,208.6,116.9,5-Moored,0,1738678951,27,7,35.370048,-120.85713,2025-02-04T14:33:03Z
Papagallo Ii,367107830,0,WDC9874,0-AllShips,6-Passenger,-1,-1,15-NotDefined,0,1738679447,24,6,35.369853,-120.856347,2025-02-04T14:33:03Z
Msc Flavia,373004000,9467433,3FBD7,1-HazCatX,7-Cargo,322.6,320,0-Underway(Engine),6.9,1738679381,366,48,34.990758,-121.534483,2025-02-04T14:33:03Z
Theresa Pride,477735300,9901790,VRUI4,0-AllShips,7-Cargo,272.9,271,0-Underway(Engine),10.5,1738679299,200,32,34.503315,-121.968145,2025-02-04T14:33:03Z
Argent Gerbera,538003929,9424596,V7UC4,0-AllShips,8-Tanker,142,142,0-Underway(Engine),13.6,1738679110,175,28,34.6767,-121.3393,2025-02-04T14:33:03Z
Wan Hai 512,566642000,9457622,9V7578,0-AllShips,7-Cargo,50.7,261,2-NotUnderCmd,0.8,1738679458,259,37,33.518497,-120.950052,2025-02-04T14:33:03Z
Swell Dish,338143454,0,,0-AllShips,36-Sailing,-1,142.7,15-NotDefined,0,1738679535,12,3,35.369828,-120.856955,2025-02-04T14:33:03Z
Happy Duck,338144322,0,,0-AllShips,37-Pleasure,188.1,188.1,15-NotDefined,0,1738679534,7,3,35.390595,-120.855315,2025-02-04T14:33:03Z
Msc Anzu,255806496,9710426,CQEV5,1-HazCatX,7-Cargo,159.1,159,0-Underway(Engine),14,1738679297,299,48,35.34965,-121.865743,2025-02-04T14:33:03Z
Istra Ace,309955000,9318503,C6WE7,0-AllShips,7-Cargo,145.7,145,0-Underway(Engine),15.8,1738679296,176,32,35.913203,-122.302158,2025-02-04T14:33:03Z
Empire State,367353080,9408126,WDE4431,0-AllShips,8-Tanker,316.7,312,0-Underway(Engine),12.8,1738678971,183,32,34.420902,-122.077798,2025-02-04T14:33:03Z
Apache,368073320,9888376,WDK6312,0-AllShips,31-Towing,335.2,334,11-Reserved,8.6,1738678651,39,11,36.433657,-122.646568,2025-02-04T14:33:03Z
American Endurance,369040000,9759886,KAED,0-AllShips,8-Tanker,324.4,324,0-Underway(Engine),13,1738678950,183,32,34.607102,-122.312942,2025-02-04T14:33:03Z
Ocean Reliance,369703000,9275438,WADY,0-AllShips,57-Spare,154.6,159,0-Underway(Engine),10.6,1738678675,179,23,35.605805,-122.660243,2025-02-04T14:33:03Z
Genco Bourgogne,538002572,9490662,V7EV8,0-AllShips,7-Cargo,101,101,0-Underway(Engine),11.1,1738678368,189,32,34.73635,-122.756433,2025-02-04T14:33:03Z
High Seas,636015336,9455703,D5AA6,0-AllShips,8-Tanker,163.1,163,0-Underway(Engine),12.9,1738679422,183,32,35.490373,-121.89165,2025-02-04T14:33:03Z
